amount,recent_tx_count
54.39,3
82.7,1
71.68,2
92.96,3
101.06,3
119.08,3
108.81,2
59.91,1
91.18,2
49.65,1
122.42,2
118.69,1
82.27,2
76.51,2
124.17,1
147.62,3
25.52,2
143.7,1
14.84,3
83.96,2
41.92,1
100.27,2
123.59,2
105.26,2
78.12,3
69.86,3
122.05,3
9.45,1
21.93,2
9.38,3
40.77,3
34.38,2
140.71,3
126.67,2
27.5,3
20.09,2
82.86,3
96.77,2
48.32,2
84.65,3
63.39,1
66.09,1
36.98,1
33.73,3
79.28,1
119.17,1
125.35,1
120.55,2
112.36,3
49.14,3
102.36,1
44.18,1
97.74,2
125.27,3
62.66,2
114.97,2
21.54,3
116.22,1
61.49,3
44.04,3
99.43,3
31.0,1
15.95,3
105.93,1
118.77,3
104.04,2
146.92,2
101.31,2
25.75,3
20.4,2
112.27,3
7.16,3
89.09,12
48.6,2
80.32,1
102.99,2
149.04,2
8.04,3
51.66,2
42.17,1
140.46,2
121.55,2
73.82,1
143.35,3
80.63,1
37.7,3
121.42,1
124.38,2
145.25,2
63.53,2
145.46,1
31.33,2
98.21,1
14.21,1
134.75,1
108.57,2
19.49,2
106.44,1
67.87,8
106.82,1
80.15,1
97.87,3
39.76,2
37.58,3
9.96,3
113.96,2
136.29,1
34.37,2
53.74,1
22.21,2
104.84,3
49.44,3
68.56,1
31.58,2
66.89,9
15.6,8
30.12,3
141.28,1
18.31,1
85.71,3
149.22,1
129.12,3
125.81,3
40.55,3
82.08,1
4007.16,2
52.41,1
134.77,2
102.03,1
55.26,3
113.56,2
113.35,1
118.17,3
57.02,2
99.69,1
25.33,1
119.96,3
38.17,2
117.46,2
102.71,1
119.49,3
41.59,2
131.3,2
67.36,3
105.9,2
22.92,2
109.78,1
112.3,2
80.43,3
86.63,3
15.51,3
7.85,1
106.01,3
30.88,3
44.15,3
35.09,3
125.21,2
105.16,2
39.09,1
67.5,3
105.94,3
84.89,2
144.75,2
120.74,2
90.3,3
102.75,1
101.71,2
39.22,3
108.73,2
40.76,3
110.92,2
106.18,3
107.06,2
13.7,2
131.04,1
122.27,8
53.47,2
127.0,1
120.75,3
18.97,3
68.03,1
36.88,2
37.4,1
98.66,3
51.44,2
126.41,2
61.04,3
132.41,3
40.92,2
70.45,3
49.41,3
3209.59,2
51.13,3
25.19,2
132.07,2
35.99,3
69.85,2
25.38,2
60.03,1
10.04,2
140.58,2
28.8,1
86.19,3
91.07,3
119.79,2
7.69,1
106.94,3
27.85,2
44.59,10
55.89,1
147.4,3
132.04,12
60.79,3
33.63,3
10.25,1
105.59,3
21.53,2
65.04,2
134.45,1
56.59,3
28.81,2
70.5,2
60.61,1
4097.3,1
127.87,1
53.16,1
84.57,1
68.73,2
74.25,2
145.6,3
134.17,2
77.72,3
5.52,1
9.24,2
61.04,3
30.84,2
75.92,3
44.92,2
102.78,2
22.07,1
74.65,1
146.49,1
22.6,1
15.73,2
36.04,1
126.65,3
89.76,3
88.86,1
111.82,1
112.39,3
3267.85,2
126.93,1
49.52,3
117.3,2
107.95,1
84.69,2
143.42,3
131.1,2
111.07,3
112.6,3
55.66,3
142.49,1
106.78,2
133.04,1
101.07,1
92.49,3
30.16,3
29.61,2
19.73,3
145.11,1
54.62,3
97.35,2
117.23,3
112.37,1
43.35,1
8.78,1
146.39,2
73.37,3
103.19,1
128.95,3
126.09,1
138.1,3
3092.13,1
79.76,2
65.12,3
109.78,1
33.3,1
1431.56,1
7.47,3
74.36,1
53.46,1
34.3,1
122.49,2
123.0,1
117.54,1
27.37,2
68.87,3
4422.97,3
146.89,1
98.26,1
132.31,3
50.65,3
67.59,1
101.98,2
63.41,1
83.79,3
79.35,8
50.27,3
134.38,2
122.5,3
60.16,3
80.23,1
65.53,2
107.21,3
17.9,1
25.51,3
133.18,3
112.93,1
29.46,1
124.08,1
92.05,2
105.21,3
100.53,3
28.37,2
134.77,3
44.82,2
113.08,2
31.71,1
36.96,3
97.78,2
103.97,3
44.11,1
15.25,2
60.75,1
4004.64,2
112.4,1
39.69,2
111.77,1
83.59,1
86.95,3
91.62,2
139.31,2
16.76,3
113.14,2
31.04,2
89.38,2
70.17,20
94.73,2
99.05,2
13.94,2
128.56,3
124.24,1
1651.39,1
52.42,1
77.53,1
38.48,3
88.86,3
87.98,3
146.57,2
73.9,1
136.9,1
64.32,3
93.97,3
11.47,3
67.7,2
91.77,2
88.64,3
85.33,3
20.49,3
101.08,2
77.92,3
51.14,3
29.43,3
140.28,2
100.35,2
132.36,3
106.98,1
122.41,1
30.02,3
143.26,1
74.34,3
42.64,1
47.97,1
121.11,1
66.82,3
22.63,2
48.09,1
102.73,1
34.8,3
113.4,2
19.06,3
3375.6,2
130.09,2
58.24,3
99.64,3
146.4,1
43.33,2
31.67,1
100.5,2
8.16,1
149.83,2
45.46,3
74.8,3
81.94,1
14.16,2
21.51,3
57.12,3
21.95,3
99.12,3
1694.48,3
65.95,1
54.21,2
65.13,2
126.08,9
73.63,1
70.28,3
139.06,3
8.03,3
95.22,3
22.62,2
11.95,2
78.63,1
96.7,2
74.12,1
49.11,1
94.26,2
9.04,1
95.8,2
38.27,2
51.17,2
120.32,3
98.14,3
26.75,1
2732.94,3
86.27,1
3108.84,1
89.01,3
91.47,1
10.54,3
144.95,2
75.29,1
66.76,1
56.97,3
66.75,1
49.94,2
53.67,3
19.61,1
101.41,1
27.22,3
51.09,1
135.57,3
11.54,19
96.7,3
27.48,3
121.85,2
45.63,1
16.84,3
88.84,2
28.12,1
27.35,1
109.56,1
102.02,3
146.88,1
60.78,3
18.17,1
58.81,3
138.2,3
85.13,3
58.68,2
133.55,1
132.21,1
71.09,3
136.24,3
22.6,1
103.5,2
67.04,3
132.13,3
20.03,3
87.11,3
15.64,2
131.35,14
83.43,2
132.99,3
20.12,3
5.07,2
57.91,1
8.32,3
20.87,2
99.77,2
45.84,14
30.23,3
4882.95,3
18.73,3
116.34,3
140.57,1
72.47,3
10.33,2
91.65,2
125.34,1
83.55,1
117.33,2
95.65,2
24.94,3
21.74,3
16.91,1
133.11,2
14.87,2
16.78,3
83.61,3
115.83,1
130.9,2
56.9,3
64.23,2
9.71,9
25.24,3
145.32,3
30.9,2
110.14,1
93.71,1
120.74,1
21.45,2
70.29,3
98.59,1
143.45,2
51.18,1
20.69,1
9.35,3
115.26,2
32.2,1
133.87,2
86.35,2
83.37,2
116.89,2
65.41,3
51.32,3
101.43,1
120.13,3
38.55,1
111.49,3
101.95,2
48.74,1
72.87,3
46.88,1
30.1,3
21.44,1
61.83,16
128.66,1
58.49,3
140.47,3
87.95,1
31.22,2
112.45,3
131.27,3
132.62,3
49.66,3
91.28,1
147.85,3
72.71,2
132.75,1
110.98,3
15.74,20
44.22,1
142.75,1
2481.37,3
73.51,2
147.68,1
7.25,3
107.17,2
116.19,3
142.99,18
84.31,2
21.24,2
27.65,2
24.64,3
122.39,1
118.06,2
136.68,2
23.47,3
132.63,2
114.76,3
78.9,2
54.67,3
96.89,2
88.53,1
21.17,2
110.06,2
126.58,2
56.9,1
147.34,3
129.92,2
42.63,1
113.14,1
140.21,1
66.04,2
149.19,1
30.2,17
4732.42,3
116.51,3
8.96,9
123.88,3
24.8,1
15.1,3
77.72,3
80.89,2
32.26,2
81.06,1
142.31,1
70.93,1
95.31,2
16.51,3
146.87,1
7.52,1
88.25,3
78.14,1
82.2,1
40.55,2
147.52,2
127.55,1
17.68,1
96.8,2
83.27,2
2802.64,3
121.42,3
87.3,1
124.31,1
109.44,3
97.99,2
36.77,3
78.41,2
143.54,3
47.32,1
17.36,1
26.12,3
4564.37,1
75.86,3
2502.55,2
148.98,2
76.87,2
148.25,1
104.99,3
125.65,1
102.83,2
147.86,1
78.22,2
59.03,2
14.12,3
83.5,3
62.13,1
84.96,2
36.8,3
63.41,2
38.64,2
64.7,1
22.64,1
144.49,2
144.68,1
73.68,3
33.79,3
89.67,3
95.56,1
14.3,2
54.66,1
129.23,3
20.21,1
137.31,3
131.72,3
122.87,2
9.78,3
27.47,2
9.33,3
43.95,13
100.83,1
7.02,1
71.12,3
135.57,3
132.13,2
13.5,3
59.1,1
29.0,3
58.96,3
15.98,3
75.9,1
31.65,2
73.14,2
22.89,2
88.88,3
55.4,2
58.27,2
135.11,3
2770.07,1
116.3,2
103.98,2
127.9,2
71.36,3
66.56,3
75.89,1
76.04,2
94.46,3
70.94,3
50.44,3
72.32,2
59.5,3
15.3,1
15.2,3
82.11,3
36.21,2
103.57,10
14.3,3
51.32,16
101.62,2
90.86,3
39.6,2
53.86,1
16.02,1
126.43,3
129.34,3
133.13,1
36.04,2
37.55,1
36.82,1
2633.7,2
63.64,1
3152.01,2
44.95,3
27.65,2
114.92,3
46.85,1
109.88,2
12.1,3
119.02,1
40.28,2
47.45,3
45.65,2
101.77,1
93.94,3
4050.58,3
134.56,3
918.03,2
132.73,1
123.87,1
86.54,2
70.78,2
46.92,1
138.07,2
117.27,1
149.99,1
10.48,2
143.06,3
22.57,1
111.0,3
10.67,2
145.38,3
13.83,3
149.2,1
107.0,3
58.61,1
141.89,3
120.73,2
15.36,1
60.65,2
61.88,3
149.95,3
94.25,3
97.3,3
141.07,2
128.13,3
99.78,2
94.78,3
63.04,3
8.11,18
77.47,3
51.96,1
74.28,1
98.93,1
33.79,2
14.32,1
50.12,3
44.27,1
34.41,1
113.66,2
22.02,1
135.89,2
82.14,2
87.6,1
133.91,3
120.41,1
127.98,2
39.41,1
135.91,1
66.18,3
47.26,3
23.12,1
135.67,1
110.43,3
108.09,1
29.79,2
82.93,2
64.19,3
110.84,3
24.0,1
86.98,2
51.84,2
72.3,10
57.18,1
87.81,2
2830.23,3
122.31,2
135.08,2
9.69,2
68.69,3
116.01,2
50.74,1
126.46,3
92.96,3
42.41,3
3439.78,1
97.18,2
80.56,3
62.62,2
145.46,2
54.09,1
98.48,2
129.5,3
122.28,2
133.76,1
20.45,1
4945.29,2
25.7,2
13.65,1
41.94,1
110.24,3
29.96,17
113.87,1
86.27,3
137.06,2
137.87,2
51.14,1
88.98,18
9.35,1
125.96,1
73.42,2
136.0,1
130.03,1
37.12,1
135.31,1
124.73,3
81.43,2
136.37,2
50.02,1
45.06,3
95.02,1
93.0,2
42.59,3
58.55,3
20.94,3
92.31,1
124.9,2
45.45,2
118.06,1
107.33,1
38.68,2
112.26,2
11.99,2
58.47,3
145.93,3
37.02,3
112.71,3
37.0,1
60.64,3
87.69,2
25.48,3
52.47,1
47.5,3
56.17,2
9.57,2
133.39,2
112.02,2
113.42,2
16.69,1
29.35,14
26.07,1
76.23,2
100.69,1
78.92,3
71.36,3
52.38,2
22.87,3
56.03,2
44.82,2
26.6,1
110.75,3
99.35,3
94.91,1
92.1,1
86.95,11
49.65,2
123.81,3
22.88,2
131.13,3
53.92,1
20.41,2
33.18,1
124.27,2
38.58,3
139.0,2
56.13,2
132.98,2
52.94,2
40.36,2
99.17,1
42.99,1
137.38,3
15.01,3
135.34,3
34.98,2
1230.0,3
21.56,18
43.59,3
9.22,2
2762.95,1
90.3,3
11.2,2
4842.01,2
127.12,2
117.79,1
91.5,1
96.89,2
9.54,1
38.8,3
130.03,3
16.45,17
143.69,2
119.95,2
62.67,18
16.81,2
2361.27,3
13.44,3
138.14,1
34.42,1
134.26,3
113.29,2
80.62,3
47.04,1
148.38,1
105.93,3
79.02,3
91.92,3
103.69,1
121.16,2
126.76,2
55.87,2
39.5,2
146.76,8
54.96,8
20.15,1
26.02,3
17.94,3
121.48,3
35.96,3
51.19,3
133.03,1
58.5,2
14.08,2
37.18,1
65.48,2
71.16,2
142.87,2
29.0,3
94.72,3
129.32,3
94.77,2
42.93,1
98.0,3
113.71,3
40.62,1
26.25,1
15.26,1
115.86,1
106.44,1
4593.6,3
135.59,2
123.62,3
32.75,1
127.38,3
46.85,1
84.81,2
45.82,1
125.54,1
68.12,1
56.51,2
9.82,1
5.65,2
146.34,1
107.95,2
74.35,2
109.48,3
130.12,1
57.21,1
19.67,1
144.2,2
46.31,3
81.48,2
71.86,1
122.83,3
7.9,2
68.32,3
91.19,3
113.55,3
45.9,1
147.99,2
27.9,2
96.57,3
113.02,2
65.9,1
52.39,1
79.19,2
61.04,1
84.73,2
98.15,3
140.23,1
141.3,3
2651.73,3
75.35,1
48.06,1
127.02,1
15.77,1
69.94,3
47.05,3
74.91,1
136.56,3
134.16,1
6.09,2
18.98,1
59.79,1
105.39,1
22.02,2
15.32,1
12.87,2
127.8,1
33.4,3
71.56,2
101.7,2
16.67,3
43.63,2
75.93,2
84.41,1
83.67,1
93.75,2
38.76,1
33.63,2
132.69,2
40.49,2
103.46,2
142.03,3
66.72,2
132.56,1
48.37,2
101.27,1
147.1,2
93.41,3
69.61,2
137.53,2
126.57,1
76.1,2
34.39,1
10.65,3
107.63,1
70.14,2
78.87,1
109.29,20
73.15,3
109.45,3
146.11,1
111.59,3
84.57,1
105.52,2
6.08,3
130.09,2
43.98,3
73.83,2
55.77,2
139.3,1
110.87,1
136.51,3
66.43,2
116.82,2
83.62,1
129.95,2
72.32,3
97.04,2
105.91,2
96.86,3
70.59,2
124.89,3
10.16,3
140.24,3
41.5,2
37.96,2
105.33,1
107.52,3
67.42,3
61.24,2
42.29,15
140.42,3
119.67,1
23.3,3
90.0,3
144.79,1
35.13,3
99.61,2
73.55,3
81.06,1
103.4,3
147.82,3
76.06,2
111.69,1
29.63,2
128.72,1
113.08,3
68.69,3
81.65,1
17.57,8
57.52,1
32.62,2
14.28,1
108.01,3
144.41,2
25.04,2
48.18,1
97.56,1
43.63,3
139.58,2
1368.19,2
65.05,3
1431.43,1
114.39,2
79.71,1
99.43,3
51.55,1
22.78,3
101.14,3
50.3,1
39.86,3
100.61,3
23.04,1
93.93,1
5.36,2
68.48,1
109.14,2
127.49,3
19.19,2
101.2,1
125.49,2
12.95,2
73.82,1
107.84,1
81.22,2
35.68,1
49.34,1
49.51,2
71.4,2
63.28,3
137.89,1
34.58,3
54.99,2
124.2,1
63.31,1
127.41,3
27.6,3
78.21,2
72.25,2
129.92,1
148.59,1
105.73,1
138.54,3
5.64,1
105.99,2
57.67,1
94.05,1
69.13,3
98.4,2
119.75,1
20.4,2
49.15,2
46.52,1
113.38,3
54.31,1
32.66,1
77.27,1
135.75,3
109.09,3
44.21,1
109.45,3
82.44,1
125.87,1
65.26,2
10.61,1
60.42,3
69.29,1
141.58,2
74.71,2
120.39,1
34.46,3
71.34,3
84.22,3
59.21,1
34.7,3
135.51,2
52.0,1
48.34,2
1277.05,2
79.56,3
8.08,1
20.06,1
62.57,1
101.63,18
28.34,1
82.48,1
120.62,1
37.11,3
55.84,2
1027.18,1
3079.47,3
54.7,3
13.2,2
146.85,3
88.42,1
106.27,3
24.26,2
104.49,1
2999.87,2
100.54,2
71.56,1
16.92,2
54.41,3
99.38,3
68.16,2
125.84,3
28.45,2
14.2,2
28.36,1
119.69,2
145.59,2
57.89,3
11.42,3
115.56,3
34.56,2
126.97,1
25.61,2
33.8,3
4119.93,1
9.77,3
20.05,2
100.42,1
61.37,3
113.78,1
70.79,2
132.75,1
56.69,3
12.15,1
29.43,2
132.11,3
17.3,3
85.54,3
84.98,1
29.52,2
77.55,1
104.9,2
133.88,2
18.8,3
5.96,3
138.08,2
113.07,2
15.5,1
114.54,2
124.2,3
107.59,1
10.11,3
122.86,2
33.27,3
65.75,3
116.46,3
41.59,2
128.41,1
31.5,2
72.85,3
22.68,2
39.98,1
102.29,1
143.91,1
27.25,2
101.76,3
47.09,3
115.98,2
44.55,3
5.91,2
101.02,2
39.95,9
120.01,1
60.67,1
120.29,1
123.52,2
122.81,3
68.66,1
54.19,3
117.84,3
143.83,2
135.31,2
32.79,1
114.61,2
117.39,2
72.56,3
20.19,2
78.76,2
121.56,1
104.26,1
11.35,2
145.2,3
138.09,3
141.69,3
111.92,3
144.87,3
36.22,1
82.34,2
79.07,2
40.48,1
106.14,2
12.93,2
35.98,1
77.71,1
63.0,3
84.55,2
95.91,1
103.08,2
117.89,1
64.6,1
134.75,3
38.68,3
135.57,3
10.24,2
63.4,2
79.85,2
74.37,2
25.04,2
58.47,1
23.57,15
104.39,3
125.62,3
61.9,3
101.63,1
92.05,3
143.72,15
149.95,3
33.06,2
14.24,1
78.06,3
58.17,1
38.67,2
145.95,3
81.73,3
60.73,2
134.81,2
16.07,2
72.99,1
95.39,3
80.87,1
39.3,3
17.84,14
149.16,2
126.86,2
39.48,3
83.08,2
19.84,1
105.95,2
74.24,2
10.61,2
129.75,1
46.72,1
34.34,1
48.97,2
48.62,1
51.39,1
61.84,1
35.59,13
128.82,1
41.79,1
131.66,1
29.86,2
84.48,2
26.62,3
56.43,2
132.68,1
145.85,3
14.49,3
7.04,1
88.41,3
36.29,3
141.3,3
126.83,18
24.31,2
135.85,3
145.27,2
138.49,3
131.65,2
78.99,2
72.31,3
140.65,2
35.54,3
26.75,1
134.79,2
18.89,3
37.79,1
64.33,3
1717.11,2
33.27,1
65.64,2
130.69,2
105.82,3
128.32,1
59.02,3
100.57,1
137.22,3
128.42,2
1640.05,2
40.77,2
135.73,3
8.56,1
47.12,2
123.63,2
95.42,1
18.96,3
80.3,2
51.15,1
24.26,1
117.83,3
78.04,1
113.62,3
62.96,1
18.7,2
73.41,3
72.81,1
24.21,3
53.06,1
109.37,1
41.88,2
142.58,2
100.32,2
80.45,1
35.32,3
134.37,1
86.55,1
67.76,3
63.97,2
65.03,1
131.18,1
55.99,2
109.07,1
27.04,3
109.0,3
5.3,1
56.12,2
143.29,2
92.52,2
74.84,2
54.88,2
137.79,3
148.39,1
130.43,2
104.58,2
105.04,3
57.52,1
52.45,2
83.05,2
110.69,1
51.79,1
102.47,3
136.31,3
120.11,3
24.08,2
48.94,13
50.03,2
53.22,1
135.85,2
43.21,3
1321.14,2
125.45,3
114.73,1
21.08,1
89.99,2
18.59,1
72.51,3
28.25,1
142.59,2
6.44,1
34.39,1
95.43,2
15.18,2
67.67,3
133.54,3
52.44,1
81.0,1
118.17,2
68.64,1
28.41,2
78.51,2
12.96,1
77.48,1
108.27,3
126.13,1
86.12,1
132.33,3
99.33,3
1842.8,2
27.79,1
55.09,3
143.3,2
93.05,2
75.21,3
2662.31,1
121.19,2
49.03,1
77.08,3
149.59,1
47.39,3
23.47,3
15.52,3
56.15,3
127.14,1
102.85,2
113.41,2
143.87,1
76.87,3
93.47,1
17.45,1
105.25,2
19.71,3
72.38,1
29.96,2
29.64,2
14.35,2
67.95,1
17.84,1
84.82,1
111.26,1
127.26,1
1927.89,3
62.89,3
73.11,3
10.14,1
92.31,3
90.78,1
14.06,1
112.66,1
21.39,3
53.13,2
27.55,15
115.01,1
134.49,3
142.84,3
83.28,2
124.68,3
73.31,1
27.61,1
16.92,3
29.44,2
43.4,2
11.78,2
98.67,3
141.27,1
91.89,2
129.5,1
43.38,3
81.42,2
13.8,1
17.82,2
64.17,1
90.16,1
147.81,1
9.73,1
78.15,1
94.35,3
99.84,2
126.11,3
34.12,1
86.67,1
134.69,3
125.7,3
126.69,1
104.34,10
30.26,1
121.63,3
50.13,1
30.87,2
82.36,1
11.05,1
110.09,3
29.42,3
20.43,2
133.0,2
124.87,3
119.7,1
117.04,3
44.28,1
72.52,3
56.24,3
147.9,3
55.86,1
33.27,1
96.81,2
36.74,1
6.25,2
52.24,1
145.55,3
15.34,2
114.5,2
61.16,3
59.41,3
5.53,2
91.93,2
51.71,3
33.2,2
14.93,2
129.7,2
49.65,1
84.41,2
130.96,1
70.21,1
91.12,2
38.59,1
75.21,3
122.2,2
80.4,1
53.55,3
110.18,3
76.7,2
27.84,2
128.63,1
52.31,1
56.49,3
128.26,2
92.51,2
32.47,3
34.07,3
32.19,2
121.98,3
20.3,2
139.85,2
64.21,2
41.65,2
12.27,3
88.39,3
118.22,3
52.44,1
113.02,1
25.29,10
100.5,3
122.21,1
138.99,3
55.94,1
43.83,2
46.6,3
54.11,18
123.93,3
144.9,1
141.65,1
11.89,2
118.66,2
24.73,3
10.2,2
138.4,2
87.47,3
122.16,2
73.43,3
14.87,1
23.19,1
99.03,1
95.17,2
147.79,2
47.24,20
25.11,1
80.12,1
80.11,2
113.03,1
47.56,2
104.4,3
45.99,3
137.54,2
28.99,1
78.94,3
109.58,1
88.4,3
52.28,2
28.85,1
133.94,2
104.87,2
72.46,2
40.9,2
52.73,1
139.31,3
36.83,3
97.72,3
132.99,3
31.28,1
147.7,2
86.18,2
93.35,1
32.23,2
40.71,19
129.29,3
102.56,3
52.77,3
78.1,3
105.42,1
91.16,3
32.45,3
63.2,1
57.03,3
123.88,2
3799.72,3
36.98,1
118.9,2
25.85,3
91.6,3
99.13,3
90.89,1
44.21,1
107.0,2
93.17,1
10.35,1
51.81,2
75.27,3
18.92,3
115.59,3
29.4,1
101.78,1
29.37,2
56.59,1
129.96,1
137.45,3
104.69,1
42.32,2
21.64,2
94.45,2
76.86,15
69.56,1
56.81,2
100.68,1
125.03,1
19.26,1
70.04,3
41.03,1
43.91,2
111.19,3
80.1,3
78.29,3
118.24,1
67.09,2
95.53,3
85.78,1
106.42,1
131.23,3
85.49,2
57.77,1
120.7,1
131.8,3
99.01,3
65.3,3
75.4,2
82.55,3
18.91,1
48.5,1
128.72,3
138.21,1
35.12,1
56.66,3
148.91,2
79.18,2
12.28,2
64.63,2
28.58,1
124.1,2
30.38,2
77.72,2
30.47,3
139.9,1
86.93,2
82.12,1
15.25,1
125.54,12
117.36,2
128.33,1
18.49,2
24.13,3
107.61,1
57.34,3
125.92,3
91.26,1
52.93,3
137.85,3
67.7,3
47.26,3
35.02,10
121.5,2
55.43,9
101.08,3
95.62,1
21.51,1
22.43,1
59.23,3
125.49,1
64.29,1
75.91,2
99.36,2
30.82,3
114.71,2
68.79,1
103.24,2
49.38,1
60.06,20
149.03,3
77.14,2
61.85,3
17.29,1
43.41,2
55.36,2
6.96,1
52.07,3
70.68,1
73.45,3
84.31,1
134.79,3
147.38,3
119.88,1
21.56,2
100.37,1
9.26,2
118.83,3
804.37,2
44.9,2
9.78,2
98.41,1
72.31,2
74.04,1
110.41,2
74.38,1
2172.96,1
138.44,1
139.9,3
86.59,3
137.4,3
28.9,3
111.74,2
86.77,3
41.09,2
49.11,3
43.0,2
126.69,1
144.02,1
11.41,2
60.52,2
2491.58,3
146.93,3
148.65,1
20.22,3
10.81,2
138.91,2
11.57,1
42.7,3
119.55,1
122.9,1
4687.1,1
42.2,2
49.74,3
131.62,3
127.36,3
65.99,2
71.67,1
99.67,1
55.02,1
83.58,1
34.22,3
52.06,2
96.89,1
24.1,3
127.29,2
31.64,3
95.77,2
119.77,2
114.09,1
14.8,3
88.17,3
26.76,3
41.51,3
69.67,2
80.51,1
41.37,2
60.8,2
20.96,1
103.56,2
72.97,1
118.21,2
43.58,3
39.51,3
27.04,1
70.53,3
131.74,1
25.36,3
49.97,2
137.52,2
138.28,2
3415.57,1
62.94,3
81.95,2
107.74,3
133.16,12
125.45,1
5.95,3
110.43,2
100.52,1
133.4,1
137.18,3
43.73,3
113.79,2
138.6,3
8.91,3
90.28,1
126.31,2
32.72,2
87.09,1
70.89,2
21.65,3
91.51,1
16.17,1
46.75,2
12.73,3
6.55,3
85.65,1
13.38,2
120.47,1
9.52,18
66.21,3
22.41,1
129.72,3
123.17,2
55.72,2
96.04,2
65.27,13
30.24,3
146.6,2
128.93,3
27.87,2
17.11,2
81.02,2
97.74,1
34.61,3
27.27,3
86.08,3
112.49,1
8.48,3
115.27,1
76.09,2
100.06,2
20.26,3
120.3,3
89.13,2
129.13,2
59.78,1
20.0,3
62.17,3
62.33,1
80.89,1
41.23,2
39.69,1
57.42,1
56.78,2
135.38,3
2447.73,1
80.22,1
101.59,1
16.37,1
97.37,3
88.41,1
114.51,3
26.51,1
139.0,2
69.44,3
44.0,9
15.93,3
137.03,3
54.35,1
35.18,12
80.0,3
97.18,2
73.79,1
113.73,1
35.41,3
54.82,2
124.67,2
60.15,2
144.28,1
97.92,1
125.38,1
11.77,2
93.87,1
117.72,2
56.08,2
1651.93,3
23.7,3
108.54,3
17.68,1
37.84,1
63.14,2
74.56,1
33.06,3
133.22,1
28.06,1
90.43,1
140.55,2
56.89,2
23.29,2
14.75,2
8.59,1
27.79,2
81.05,1
109.49,3
137.68,3
138.27,2
94.69,3
100.15,1
137.04,2
92.1,1
132.69,2
46.79,1
129.12,1
145.61,1
100.96,3
86.04,15
81.17,1
118.63,3
60.9,2
4385.21,3
29.04,2
84.4,1
61.23,1
101.35,3
37.23,2
124.77,3
69.64,2
11.14,2
90.59,2
59.41,2
66.39,2
137.76,1
142.65,1
33.04,3
85.58,3
71.45,3
63.47,2
114.2,2
21.27,3
3500.62,2
36.76,1
9.01,1
141.67,3
114.12,1
55.39,3
87.51,1
127.07,1
105.72,1
1463.61,1
137.41,1
112.53,1
41.34,3
147.41,2
38.38,2
36.71,3
50.86,2
145.39,2
138.31,2
31.78,3
70.77,1
27.81,1
108.65,1
60.96,2
9.83,1
128.94,1
122.79,3
61.72,2
87.14,1
94.5,1
107.96,1
69.34,2
64.05,2
1123.94,2
126.84,1
65.81,1
24.25,2
39.23,3
84.9,2
114.88,2
99.62,1
113.68,1
56.67,3
11.16,3
22.72,3
122.1,3
31.66,2
10.93,2
148.05,3
122.95,1
108.53,3
142.39,1
125.35,2
61.23,2
126.8,1
84.75,2
132.11,1
65.54,3
46.26,1
61.31,2
71.38,2
31.35,3
6.9,1
49.41,2
112.32,3
111.85,3
139.12,1
67.03,3
120.8,1
134.41,1
94.55,2
53.54,3
42.32,1
22.78,3
115.63,3
139.06,2
144.45,1
43.38,1
84.06,3
99.68,3
57.0,1
42.23,1
3051.64,2
146.28,3
130.02,1
116.41,1
29.67,3
123.2,1
130.12,2
71.19,1
46.64,2
95.61,1
76.67,3
133.54,1
119.77,3
6.77,2
66.74,1
146.14,2
19.72,2
61.28,2
108.17,3
71.33,2
83.65,2
30.8,1
113.32,1
142.55,1
92.04,3
132.56,1
82.93,1
62.22,3
107.74,1
58.41,2
50.46,3
76.46,2
94.24,3
42.42,3
132.59,20
35.13,1
65.14,2
27.41,3
28.25,3
19.39,1
4976.5,1
130.77,1
70.25,2
56.67,3
132.43,1
128.19,2
95.98,1
51.82,1
69.56,1
106.33,3
28.53,2
75.62,1
12.4,3
87.15,2
41.83,20
76.49,3
38.63,2
90.33,3
47.27,3
75.5,3
83.05,2
4856.38,1
79.6,1
37.24,2
117.83,2
67.94,2
63.1,3
101.02,11
26.72,2
73.93,1
64.05,1
21.27,3
19.05,2
142.59,1
1188.79,2
65.82,3
86.89,1
54.59,2
36.47,1
95.75,2
143.08,3
68.03,3
71.03,1
140.89,2
47.51,2
144.27,1
95.97,3
110.48,3
8.26,3
104.2,1
134.49,1
66.81,3
62.9,2
12.52,3
36.68,1
93.51,3
119.85,1
78.61,1
149.03,3
115.68,1
52.35,1
34.82,2
63.13,1
94.4,2
40.46,3
7.39,3
60.29,3
71.56,2
120.1,1
80.29,2
28.35,3
149.78,1
124.32,1
134.53,3
27.12,1
140.44,1
68.96,1
136.94,2
87.49,1
93.49,3
128.19,1
76.31,3
143.07,1
100.9,1
147.02,3
136.5,3
102.57,1
59.71,2
100.69,1
41.93,2
33.99,3
129.93,1
123.93,3
116.08,2
84.62,1
63.18,1
20.64,3
69.19,3
52.4,3
146.6,1
20.54,2
98.26,2
48.5,2
77.46,2
105.66,2
7.36,2
45.01,3
75.91,1
135.35,2
141.68,1
101.91,1
64.38,1
137.28,1
84.77,3
115.6,3
91.82,2
62.34,2
49.19,2
126.87,3
22.67,1
101.39,2
129.66,3
44.89,3
59.25,3
57.24,1
16.99,2
85.36,3
106.23,3
113.74,1
132.43,2
118.6,1
5.63,2
77.58,3
26.08,2
95.87,2
40.53,3
100.72,2
7.16,3
131.38,2
99.71,1
41.07,3
30.33,3
68.13,3
111.62,2
20.07,3
87.22,1
124.43,3
15.85,2
30.17,3
145.03,2
15.42,2
115.38,2
45.76,2
50.52,1
115.75,1
47.42,3
8.04,3
139.03,2
88.83,1
14.79,1
18.87,3
145.49,1
139.85,3
65.51,3
102.07,1
96.78,3
117.89,1
33.59,1
132.9,1
133.71,2
110.53,1
28.9,2
3522.59,3
18.86,2
12.37,1
87.33,1
147.39,2
32.38,1
113.59,2
62.79,2
53.09,3
29.66,2
86.1,2
118.51,1
123.52,2
142.3,1
91.48,1
138.97,3
83.76,1
50.49,2
67.95,1
14.49,1
139.76,3
21.01,3
26.53,1
19.1,1
135.78,1
137.67,3
44.98,1
56.06,3
110.96,3
48.37,1
72.42,2
110.07,1
27.87,3
58.36,3
80.13,2
39.14,2
131.84,2
23.48,3
26.54,2
139.69,1
40.84,3
8.46,3
94.87,2
30.69,2
92.66,3
42.6,3
4989.73,3
131.32,2
98.31,3
139.77,2
76.46,1
142.14,3
70.32,1
36.68,1
104.72,1
124.05,3
146.59,2
33.35,3
118.91,2
124.46,2
6.82,3
24.93,2
13.09,2
93.98,2
92.85,2
118.05,3
137.12,1
102.42,2
142.6,1
63.2,3
50.5,2
136.48,3
52.09,2
132.85,2
122.45,3
146.6,2
111.1,2
18.29,3
116.69,1
73.33,3
149.43,1
89.99,3
99.83,2
69.87,1
100.5,2
45.92,3
148.06,3
119.49,3
95.9,3
85.31,3
146.94,3
4517.22,2
70.88,2
51.22,1
71.71,1
103.93,1
42.07,3
133.3,2
144.46,2
75.37,2
120.99,1
126.59,3
103.71,3
108.22,1
88.0,1
35.25,3
49.44,1
149.95,1
75.67,3
47.16,2
64.74,1
115.83,2
90.22,3
78.31,1
10.58,3
13.06,2
52.36,2
10.02,1
103.63,3
124.68,3
17.44,3
7.46,1
8.13,2
127.83,3
145.35,3
29.59,2
108.37,1
5.49,2
109.38,1
63.12,1
55.85,3
64.3,2
140.93,1
11.37,1
64.33,2
60.75,1
130.14,2
74.48,3
112.56,1
6.46,1
57.52,3
105.34,1
41.19,3
80.0,2
24.61,1
106.72,1
105.54,1
24.61,2
4699.48,3
15.94,3
142.54,1
73.27,3
3622.96,3
135.29,2
6.83,3
84.16,3
2706.63,1
134.47,1
107.63,2
27.15,3
113.94,2
134.3,3
31.47,2
40.01,1
144.54,1
135.4,2
107.28,3
38.83,1
133.0,2
101.11,1
29.7,2
64.11,3
118.68,3
129.3,2
89.36,1
61.89,3
84.25,2
136.3,1
112.14,3
120.93,3
54.37,2
106.68,3
108.48,2
14.68,3
77.44,1
29.98,2
88.17,1
106.87,1
131.9,2
149.67,1
81.51,3
120.14,3
4647.01,3
70.49,2
80.22,3
122.54,2
128.41,2
2472.81,3
51.52,2
44.53,2
66.28,2
96.6,2
52.6,2
127.12,3
28.49,3
70.83,3
27.09,2
130.41,2
16.94,1
64.6,1
87.4,1
37.14,1
36.61,2
145.19,3
46.15,1
40.34,1
51.71,3
61.48,1
2840.51,2
9.95,3
48.41,1
98.5,3
137.85,1
55.63,3
93.21,3
16.18,1
31.45,3
112.91,2
98.3,3
122.66,3
42.94,2
124.34,1
16.01,2
87.14,3
126.27,2
86.9,3
38.0,2
39.45,2
132.72,1
28.04,2
138.09,1
16.15,2
101.51,2
19.03,2
136.21,1
64.27,2
126.56,2
3884.21,1
13.11,1
57.01,3
123.44,1
104.62,1
12.01,1
26.13,2
127.13,1
41.42,1
125.69,2
72.21,2
144.64,3
55.19,3
75.11,3
129.53,3
85.15,13
124.56,1
5.43,1
28.83,3
64.22,13
86.72,3
135.34,1
108.01,3
122.09,1
47.21,2
55.62,3
142.69,2
143.27,3
85.11,3
24.04,1
20.77,3
130.93,2
105.19,3
91.77,1
71.02,3
63.24,2
130.64,3
30.53,3
55.95,3
23.97,1
86.59,1
30.09,2
137.87,3
94.23,3
112.48,1
50.39,1
129.28,3
45.31,3
47.63,3
62.36,2
59.79,1
98.16,3
106.09,3
8.19,2
112.26,1
23.69,1
94.82,3
121.85,1
85.4,1
46.56,2
4325.76,2
50.94,2
27.69,3
60.2,2
97.63,1
141.71,2
74.17,3
135.14,3
95.98,1
51.31,3
92.46,3
81.9,2
38.67,1
129.03,1
139.28,3
94.52,3
101.2,1
67.43,1
123.42,2
40.04,2
85.54,3
99.09,3
71.7,2
84.32,3
1465.75,3
70.51,2
114.53,1
50.95,2
47.21,2
108.84,2
25.53,2
50.16,3
108.09,1
90.51,1
104.31,2
140.92,2
63.29,2
117.1,20
14.47,1
120.62,2
142.19,3
13.75,1
23.87,3
68.61,1
121.59,2
52.32,2
65.54,3
16.36,2
147.15,3
41.33,2
34.75,1
2460.33,2
66.39,1
89.73,3
2087.53,2
57.69,2
91.49,2
147.7,1
8.75,3
16.35,1
131.14,3
70.9,2
13.6,2
31.66,3
145.14,2
128.14,3
91.23,3
9.65,1
39.0,1
113.16,3
120.91,1
51.53,9
127.14,3
73.21,3
36.48,2
91.39,3
87.8,2
127.71,1
142.96,1
131.41,2
13.96,2
140.17,3
117.79,3
35.83,2
39.58,2
13.18,14
128.41,2
5.24,3
76.33,2
77.09,1
100.0,3
147.68,2
55.53,1
91.74,1
1571.52,3
122.03,3
135.96,1
120.59,3
73.21,3
29.43,2
35.08,2
41.11,2
35.61,2
53.81,3
32.5,2
100.11,2
27.06,1
144.23,3
89.97,3
135.82,1
80.01,3
117.88,2
39.22,1
30.75,2
8.07,1
100.2,1
44.01,1
80.9,2
69.15,1
147.65,1
118.64,2
34.13,3
10.69,1
112.82,2
77.34,3
91.17,3
28.89,2
65.22,2
72.76,1
2403.56,2
26.56,3
12.08,1
62.39,3
70.99,3
126.66,3
136.31,2
145.91,3
142.05,3
103.39,2
95.6,2
90.47,3
1734.72,3
25.11,2
29.54,2
28.37,2
113.64,3
120.94,1
76.76,2
16.39,1
149.11,3
108.14,1
51.42,3
78.22,3
31.31,1
42.07,2
10.87,2
6.72,1
62.9,2
149.58,3
127.64,2
4419.81,3
28.97,2
135.99,1
60.01,3
67.75,3
90.4,3
28.94,9
81.75,3
2285.56,1
2879.72,3
134.23,3
101.65,3
57.51,1
72.08,1
87.99,1
80.34,2
108.62,3
112.5,3
37.18,2
45.6,2
38.83,3
1507.57,3
91.87,1
37.89,1
69.93,2
125.73,1
76.19,3
71.14,1
65.28,3
136.86,3
102.73,1
111.7,3
37.73,2
24.54,3
30.12,1
32.78,2
47.83,2
22.15,1
27.54,3
76.46,1
47.1,2
78.05,2
135.07,2
148.46,2
27.6,3
30.1,2
141.89,3
102.03,1
67.92,2
106.01,3
103.0,1
56.59,2
69.76,3
132.68,3
121.97,1
58.55,2
83.34,3
77.41,3
28.19,3
126.43,3
22.17,3
66.4,3
28.03,2
78.13,1
62.57,1
2173.56,3
108.52,3
99.98,1
128.15,3
100.46,3
140.05,3
64.68,3
101.34,2
37.68,2
105.11,3
14.43,2
130.61,3
36.61,2
134.92,3
55.07,2
35.84,2
32.79,3
49.82,3
85.29,3
8.09,2
108.24,3
61.76,2
55.25,11
30.48,1
129.94,2
18.31,2
86.77,3
31.32,3
27.77,1
49.53,2
108.59,2
46.49,2
147.64,3
139.12,3
102.5,1
65.23,1
148.85,2
125.43,1
133.07,3
33.91,1
106.18,1
120.14,2
105.89,3
67.44,3
85.96,19
43.39,1
66.16,3
95.18,3
29.93,2
35.53,2
75.18,1
76.81,2
18.55,2
28.29,1
21.83,3
43.59,1
70.88,2
134.45,1
76.53,1
93.41,2
67.18,2
89.71,2
42.37,3
74.18,3
76.81,1
128.29,3
74.02,2
38.53,1
86.68,1
106.49,2
88.22,10
81.1,3
100.17,2
99.09,2
13.34,3
71.72,2
127.26,2
85.03,2
13.59,3
75.89,3
139.9,2
11.21,2
56.35,3
51.08,2
17.85,3
76.77,2
131.11,3
127.88,3
124.36,1
114.94,2
105.87,1
108.46,1
16.4,3
7.45,3
134.37,3
135.91,3
25.24,2
147.68,2
112.28,3
11.08,2
10.52,3
12.06,3
61.56,1
85.41,1
9.11,2
103.9,3
135.98,3
109.0,13
121.25,3
17.93,1
141.16,2
7.49,11
92.06,3
133.45,2
139.44,1
90.72,1
8.5,2
50.4,2
88.21,1
125.09,11
63.99,2
54.68,3
123.43,1
93.68,1
988.57,1
48.84,1
34.45,1
30.58,2
120.04,2
9.61,3
83.74,1
87.91,2
9.17,3
134.9,2
62.76,1
59.86,2
60.89,16
18.43,2
142.69,2
143.34,3
100.31,1
131.44,1
27.2,2
26.68,1
69.78,2
76.67,1
140.66,3
72.66,3
7.15,2
148.73,1
85.51,11
24.95,1
51.36,3
9.11,3
77.58,1
50.91,1
27.4,3
131.1,2
142.99,1
146.09,1
64.74,1
89.66,1
7.33,2
6.14,3
24.26,2
123.35,3
109.51,1
72.48,1
1512.18,3
137.73,1
118.41,2
127.58,3
60.72,2
55.29,8
104.4,3
16.03,1
19.98,2
53.8,2
111.36,1
37.7,1
11.5,2
70.34,3
141.72,3
9.87,3
16.67,2
141.62,1
119.1,1
117.02,2
39.42,2
63.68,1
144.32,1
2363.05,1
51.27,1
36.49,2
69.9,1
70.09,1
106.83,1
75.03,1
121.78,3
121.63,2
36.53,15
138.93,1
31.67,3
6.42,1
142.08,1
148.38,1
114.98,1
82.88,2
47.43,2
16.39,2
107.51,2
109.11,1
29.24,3
52.1,3
106.4,1
79.58,1
18.33,2
83.28,3
39.79,1
51.16,3
86.13,1
48.42,2
95.84,3
102.18,3
44.12,1
81.19,1
81.54,1
84.36,2
54.31,2
46.2,2
77.33,10
44.49,1
122.84,1
107.28,1
66.65,1
107.58,1
88.81,2
3984.67,2
34.95,3
42.43,2
25.59,2
88.47,2
95.48,3
4476.17,2
124.36,3
100.7,1
61.65,1
44.78,1
101.91,1
95.96,3
132.33,1
110.49,3
75.61,3
84.61,2
7.84,3
66.43,3
1547.83,1
6.32,3
41.6,16
132.11,3
124.08,1
46.08,3
92.97,3
41.2,1
22.81,1
50.21,1
37.72,2
63.52,3
123.65,3
142.87,3
40.38,2
101.5,2
20.82,3
56.4,3
107.16,2
7.95,1
90.13,3
39.41,1
93.58,2
86.7,1
112.82,1
61.89,1
8.95,1
61.47,3
111.25,3
127.73,2
13.53,3
75.75,3
83.23,2
29.22,1
68.43,2
141.38,2
74.5,2
42.34,1
25.67,3
53.92,2
121.92,1
58.32,3
97.3,1
71.96,1
116.56,3
107.52,1
133.36,3
139.68,1
93.38,3
34.39,3
80.07,13
95.53,3
128.68,3
30.67,1
125.41,1
21.03,3
54.94,1
72.89,2
24.35,1
51.63,1
83.87,2
138.4,2
56.42,1
111.39,1
82.48,3
84.78,3
114.73,3
60.14,3
68.88,3
60.49,2
62.09,2
112.18,3
44.45,1
40.2,3
144.79,2
66.72,2
84.1,8
80.65,2
133.51,2
4213.45,3
38.89,3
27.67,2
108.3,1
46.27,3
65.8,1
41.35,3
127.78,2
52.39,3
77.42,1
53.45,1
52.93,1
127.63,2
87.56,1
82.48,2
149.12,1
49.97,3
41.33,2
26.39,1
36.99,2
130.51,1
34.31,3
56.91,3
142.36,3
129.34,1
114.15,18
101.4,2
134.11,1
81.2,3
87.03,3
105.86,3
46.04,1
147.29,1
103.66,2
106.25,3
23.65,3
102.34,2
133.77,8
30.13,1
63.19,1
46.43,2
129.38,1
21.11,1
97.66,3
76.01,3
149.49,3
147.34,1
108.92,2
111.26,2
121.76,1
45.96,1
117.68,2
136.45,2
143.12,3
75.95,1
1342.5,1
131.32,3
120.44,1
103.8,1
99.47,1
135.06,1
61.83,2
33.69,1
60.37,2
63.72,1
72.85,1
91.63,1
36.95,1
21.63,3
105.96,3
58.19,1
111.18,1
23.31,3
98.1,2
69.28,3
37.59,2
100.3,2
17.96,1
111.54,3
10.35,2
138.08,2
120.51,3
109.07,2
23.77,10
131.79,1
89.2,2
7.14,1
69.08,1
83.33,1
61.58,2
50.8,1
102.16,3
8.49,1
104.22,1
18.75,3
121.99,1
63.62,2
124.2,1
124.49,2
102.14,1
60.44,3
59.05,2
112.93,2
137.67,2
21.21,2
77.13,1
62.73,2
28.11,3
96.82,1
124.83,1
122.07,1
22.26,1
8.87,1
53.22,2
116.51,3
9.45,2
48.63,1
39.68,2
85.28,2
92.84,3
74.83,2
118.92,2
81.18,3
96.62,1
88.31,19
91.85,1
24.61,3
40.3,3
144.03,2
2349.58,1
128.09,2
55.0,3
135.09,2
35.5,2
120.87,3
137.33,3
13.35,2
57.6,3
95.58,2
35.84,3
74.98,1
147.98,2
119.63,1
125.31,2
66.95,3
132.51,3
11.62,2
42.59,2
47.36,2
54.09,2
108.72,3
40.13,3
105.09,2
85.96,3
41.6,2
58.03,1
142.69,3
124.8,12
49.75,1
109.71,2
19.9,1
86.93,2
119.64,3
25.76,1
61.98,3
73.65,1
83.27,1
91.65,3
29.53,1
138.2,15
23.75,2
105.31,2
126.37,3
98.41,3
140.46,1
136.28,1
38.03,3
37.71,1
136.37,3
129.87,2
145.13,1
32.79,2
53.76,1
127.16,3
9.58,2
38.45,3
139.69,1
98.71,3
8.59,3
134.77,2
55.41,1
88.91,1
61.73,1
104.14,1
17.15,3
92.63,2
147.34,2
140.98,2
56.91,2
108.34,2
135.64,1
5.44,3
27.2,3
4719.93,2
62.67,2
60.54,3
32.19,3
8.12,2
45.65,2
67.23,3
58.28,1
30.18,1
82.18,2
132.33,1
135.65,2
98.44,3
137.31,3
16.17,2
93.63,2
75.77,1
128.83,2
60.48,1
11.99,1
39.85,2
36.59,2
35.24,3
22.79,1
65.12,1
42.91,2
85.28,3
96.93,2
123.79,1
73.69,2
144.83,1
111.36,3
120.87,1
121.73,1
132.53,2
73.1,1
121.35,2
102.86,2
41.69,3
33.06,1
107.68,1
115.98,3
34.89,3
1351.43,1
133.18,1
116.69,1
70.73,3
49.05,3
107.91,1
44.4,2
78.39,3
67.59,2
15.93,1
107.36,1
148.63,2
132.26,2
38.72,3
93.32,1
81.61,2
20.45,3
31.56,3
32.22,3
22.01,2
80.72,3
73.82,2
102.61,2
29.17,1
18.43,1
27.88,1
119.48,1
132.19,3
122.59,2
88.18,3
6.74,1
121.77,1
28.28,3
12.26,2
33.26,1
48.95,2
13.23,1
114.8,2
42.78,3
24.94,2
62.93,2
93.46,2
92.82,3
1410.26,3
42.33,1
149.26,1
57.86,18
30.56,1
96.7,3
82.53,2
135.25,2
129.66,2
135.14,3
125.53,1
99.13,1
13.92,3
106.56,3
118.38,2
113.0,2
77.36,1
13.28,1
33.0,1
133.35,3
108.53,2
47.69,3
120.53,1
92.95,1
132.65,3
60.18,2
86.72,1
11.2,3
2335.77,2
132.33,3
58.29,2
29.97,1
54.04,1
111.76,3
134.99,10
125.52,9
46.13,2
26.79,1
20.78,3
55.8,3
106.54,2
26.97,3
113.46,3
34.01,2
79.21,1
43.58,1
125.33,3
49.5,3
95.36,1
105.14,2
124.7,2
98.23,1
101.95,1
109.32,1
131.33,3
138.81,3
97.64,2
40.75,3
149.54,2
127.37,1
81.92,1
52.04,2
103.74,1
127.36,3
135.15,19
106.77,2
51.37,1
101.95,2
32.98,3
68.86,1
59.39,2
55.7,2
95.06,1
119.88,1
79.82,13
92.78,3
49.5,2
136.69,3
28.93,2
55.02,2
149.03,2
57.36,1
91.68,1
131.6,2
57.17,3
51.04,2
92.56,2
47.17,2
103.15,3
71.82,3
33.65,3
91.87,2
117.12,1
58.0,3
146.53,2
61.26,2
138.41,3
112.69,3
123.79,1
142.13,1
105.43,3
6.45,1
110.61,3
85.82,2
141.33,2
79.88,2
125.02,2
98.42,2
131.4,3
130.79,3
16.7,2
128.88,3
66.49,3
148.27,2
67.17,3
131.79,3
72.15,3
45.48,3
25.13,3
18.04,2
87.26,2
83.2,1
43.19,3
90.54,1
141.94,2
143.28,3
35.51,1
7.53,2
72.02,3
127.49,2
12.71,1
98.81,3
45.3,1
39.39,2
25.18,3
84.4,1
66.96,1
97.25,1
124.85,2
32.1,2
25.86,2
79.07,2
53.49,3
96.85,3
22.91,2
103.87,3
101.4,3
84.23,1
44.42,2
94.62,1
74.31,2
107.17,2
83.14,2
19.87,2
107.96,3
98.95,2
23.19,1
91.14,2
123.6,1
86.88,2
116.27,2
135.08,3
62.09,3
59.87,1
57.1,2
72.31,1
113.05,2
53.61,3
116.57,1
135.4,2
59.5,3
124.75,2
23.41,11
115.14,2
137.35,2
49.56,1
22.67,3
68.15,1
133.42,1
36.92,3
131.23,3
80.27,2
7.47,3
114.08,2
121.87,1
67.69,3
6.88,2
52.71,2
62.61,2
90.05,3
7.66,1
13.97,1
111.21,1
11.74,3
121.1,1
45.54,2
59.82,3
59.62,3
1792.07,1
44.54,1
84.2,3
16.16,1
115.39,12
149.14,1
85.3,3
32.98,2
50.51,1
45.43,3
87.8,1
127.23,1
90.29,3
22.51,1
38.36,1
93.01,3
115.21,3
53.13,2
62.87,1
111.07,3
51.39,1
131.64,3
113.6,2
38.27,1
73.71,3
32.05,2
119.7,3
98.65,3
5.68,3
98.32,1
87.09,1
110.58,3
9.84,3
5.71,3
87.01,2
140.91,2
144.02,2
21.37,1
108.59,12
58.46,2
116.44,1
146.49,2
116.82,1
73.65,2
137.5,1
119.25,1
36.84,3
113.75,1
13.1,1
115.72,1
127.89,1
135.47,2
113.77,3
19.77,2
36.07,1
148.62,1
105.35,3
103.7,3
104.88,2
103.07,3
9.31,3
32.33,2
107.56,3
50.13,2
33.03,3
63.38,18
32.64,2
117.61,3
141.14,2
143.51,3
31.36,1
45.16,2
148.08,1
137.03,1
62.47,1
5.07,1
42.38,3
90.75,2
29.07,1
116.49,1
14.74,3
47.37,1
71.9,1
9.15,2
118.92,1
44.23,3
113.19,3
26.16,1
37.01,3
129.93,3
46.99,2
98.01,1
56.27,3
86.99,2
5.82,1
15.93,1
913.34,1
100.97,20
7.99,3
100.75,2
41.8,1
12.48,3
61.77,3
114.12,2
26.27,3
30.32,2
63.34,3
149.72,1
98.46,2
37.94,3
138.17,2
43.74,2
61.85,1
73.72,2
78.33,3
99.34,2
137.23,1
62.33,3
110.55,1
67.65,1
80.59,3
7.28,1
101.72,2
146.45,2
44.5,3
48.79,2
106.27,1
110.29,2
117.8,3
79.06,1
127.61,2
37.12,3
49.34,1
85.37,14
100.98,1
52.15,3
113.14,2
104.82,1
78.15,1
61.33,2
107.27,1
15.79,2
22.72,1
30.92,3
127.25,1
117.83,1
79.5,1
106.28,3
109.12,1
132.16,3
114.73,1
56.64,1
53.59,2
93.03,2
40.78,16
102.53,3
69.41,2
128.93,1
122.45,2
70.91,3
74.97,2
57.62,3
99.8,1
3759.54,2
68.04,3
51.17,3
73.5,3
123.59,3
123.59,3
108.7,3
27.48,3
149.31,3
20.61,2
145.15,2
63.93,3
73.56,1
113.05,1
122.08,2
129.81,2
40.32,1
67.89,3
118.85,2
99.8,3
52.26,3
131.76,1
17.04,2
104.03,1
138.98,3
27.29,1
132.44,3
21.63,1
71.96,2
124.11,1
112.47,2
144.12,3
30.61,1
81.23,1
99.37,3
54.52,1
130.02,1
59.55,3
140.01,2
123.92,2
65.57,1
82.0,1
132.04,1
36.08,2
96.37,1
16.04,2
16.3,3
89.95,2
33.76,1
17.58,3
143.99,3
129.45,3
93.48,3
54.59,1
84.39,2
4500.8,3
110.86,1
107.52,1
53.86,1
46.22,3
13.45,2
52.66,2
33.17,1
50.21,3
20.37,2
52.74,3
110.2,2
81.28,1
134.37,3
93.14,1
73.56,1
112.66,3
41.56,17
36.67,1
132.75,2
142.78,1
33.65,2
7.25,3
8.33,2
86.36,2
83.64,1
90.4,2
133.4,2
50.98,13
31.38,2
95.7,3
8.22,2
114.76,2
57.31,1
108.41,1
56.45,3
35.58,3
117.26,2
99.44,2
131.79,2
132.06,3
141.24,2
87.71,2
51.14,1
44.9,3
72.05,3
37.15,1
39.79,3
123.23,3
118.79,1
104.38,3
22.11,1
25.76,1
47.0,2
51.07,2
61.42,3
78.48,2
73.72,2
43.7,1
18.85,2
59.72,2
90.19,1
32.95,3
100.91,1
53.25,1
124.1,1
135.09,3
145.72,3
133.79,1
12.19,2
22.21,18
137.68,1
2982.97,3
88.87,2
109.97,1
76.96,14
102.06,2
126.12,2
84.78,3
24.05,1
16.16,3
117.51,3
97.22,1
84.33,1
1007.97,3
76.63,3
68.38,1
46.82,3
148.96,3
53.93,2
93.86,2
39.44,2
139.6,1
128.4,1
34.59,3
122.86,3
114.35,2
79.72,3
102.69,3
23.47,3
145.52,1
2274.85,1
13.17,3
21.95,2
57.34,3
102.74,3
144.37,3
130.31,3
62.41,3
10.5,2
117.61,3
105.57,1
8.45,2
124.47,3
66.47,2
28.01,3
26.52,3
81.26,3
60.96,1
53.41,2
49.14,3
16.31,2
99.84,2
12.54,1
131.62,3
122.98,1
46.93,2
36.72,3
46.12,3
24.85,3
119.0,1
115.82,3
57.51,2
148.29,1
36.39,2
76.91,1
107.7,1
70.64,3
110.27,3
87.35,3
40.57,2
5.62,3
32.72,3
137.6,2
51.71,2
109.85,17
69.02,1
49.15,1
4129.84,2
84.12,1
66.08,2
104.5,2
63.47,2
119.18,2
69.09,1
35.16,2
21.67,2
67.06,1
41.32,1
35.14,3
112.3,3
142.48,1
82.63,1
91.47,2
72.98,2
79.81,3
124.11,1
143.68,3
135.6,8
76.65,2
64.33,1
69.47,2
2873.23,3
72.32,2
101.94,1
67.55,3
41.06,1
142.31,3
93.38,1
26.3,1
36.72,2
27.18,3
109.05,2
76.16,1
121.6,1
48.78,3
120.41,2
90.95,2
91.89,1
89.06,3
99.71,1
48.06,1
63.42,3
29.41,1
69.05,2
8.78,2
86.22,3
16.14,1
103.43,2
88.43,2
94.91,1
77.71,1
99.83,1
56.79,3
95.37,3
12.2,1
53.06,3
5.65,1
60.93,2
91.72,3
103.6,1
8.67,1
145.25,1
45.07,2
39.67,3
114.85,2
7.29,1
35.57,2
62.58,1
131.07,3
146.5,3
10.75,3
17.95,1
79.17,1
3253.22,1
145.85,1
125.41,1
68.73,1
113.07,2
95.76,3
102.72,3
122.63,1
1364.21,1
97.05,2
27.99,1
136.44,3
146.56,2
69.14,1
60.32,2
71.24,1
82.99,2
54.21,3
58.59,2
110.76,3
55.74,3
61.65,2
73.75,1
139.52,2
63.83,2
104.93,11
109.02,2
101.77,1
147.33,2
84.65,1
134.16,2
75.71,1
63.51,3
42.57,3
63.87,1
98.35,2
121.88,1
83.8,1
140.94,1
22.08,3
118.49,1
21.36,2
31.02,2
93.17,2
118.7,2
58.52,3
25.06,1
116.68,1
67.2,3
3305.5,3
88.86,2
24.07,2
100.65,2
79.3,1
10.2,3
102.41,1
71.21,1
23.47,3
66.59,2
116.98,3
37.37,2
15.69,2
101.9,3
139.06,1
62.39,3
131.47,3
128.52,1
64.52,1
25.0,1
124.67,3
15.32,3
103.21,1
145.67,1
17.75,2
124.95,3
127.92,2
57.84,3
149.93,1
16.75,3
57.76,1
62.3,2
112.19,3
20.81,1
59.69,3
81.35,3
32.03,3
96.73,1
22.45,1
58.52,3
66.57,2
117.64,1
75.78,2
94.57,3
4533.4,3
77.35,2
34.73,1
149.41,1
98.02,2
27.69,2
138.67,1
39.29,1
116.38,2
86.37,3
49.29,2
39.86,2
53.9,1
115.3,1
142.47,1
127.88,2
96.36,1
49.26,1
74.6,3
148.55,3
106.9,1
69.42,2
9.81,2
33.66,2
137.9,2
58.93,2
128.66,3
73.38,2
17.93,1
117.09,2
118.11,1
91.89,3
40.95,1
104.68,3
2390.6,2
51.64,2
10.81,1
66.62,1
3482.54,3
92.29,1
146.86,1
43.69,1
39.04,1
133.39,3
144.45,1
88.18,1
13.99,2
138.5,2
14.16,3
142.69,3
34.99,3
19.39,3
86.57,2
63.0,3
85.51,1
32.32,2
139.21,2
39.19,1
53.92,3
57.6,1
17.54,3
142.11,2
68.44,1
10.92,2
33.9,1
8.07,1
88.96,2
99.06,1
13.28,2
62.11,1
34.6,3
127.99,2
57.99,2
49.96,1
30.29,2
139.12,1
42.74,2
12.31,2
89.94,3
80.15,2
88.55,1
110.61,3
73.11,1
6.62,3
35.26,8
143.53,1
43.88,1
31.88,3
46.81,1
92.89,9
110.44,2
75.36,3
12.24,3
22.9,2
115.44,1
66.14,2
138.64,2
19.91,2
102.03,2
41.88,2
28.67,1
145.02,19
118.65,3
62.34,1
142.49,2
66.76,1
77.34,2
3724.76,2
107.06,3
96.13,1
17.49,3
106.07,3
42.36,2
62.76,2
31.93,1
120.84,1
14.47,1
71.13,2
123.11,2
141.24,2
131.01,2
42.85,3
107.29,1
74.54,1
48.13,2
66.2,3
90.51,1
71.17,2
147.69,1
60.25,3
133.15,3
73.66,1
137.49,3
13.75,3
122.72,2
94.69,2
134.32,3
86.01,2
60.56,1
97.48,1
47.3,2
54.85,3
79.81,1
117.89,11
119.73,2
22.25,10
116.45,2
149.01,3
37.61,1
31.92,1
17.72,1
140.82,2
43.41,3
97.05,1
90.33,2
44.63,1
54.0,3
64.8,3
56.45,1
99.16,1
23.56,2
105.73,2
91.78,2
120.78,3
40.16,1
87.31,2
82.87,1
107.22,3
49.87,2
26.14,2
109.48,2
29.05,2
30.71,1
133.31,3
16.38,1
115.9,1
111.82,2
17.49,2
84.24,2
61.48,2
124.54,2
62.19,3
9.65,2
36.0,2
3084.85,1
121.23,3
24.88,3
110.41,2
141.99,3
131.92,1
111.37,1
8.92,3
107.65,2
62.03,2
108.72,3
139.39,3
59.83,2
13.91,2
131.02,1
62.79,2
61.8,2
46.09,3
11.03,2
54.58,2
16.74,1
90.41,2
81.91,1
120.69,2
59.05,2
126.52,1
147.13,1
106.34,1
89.9,2
113.02,1
15.84,2
1362.53,3
83.49,1
34.8,2
28.86,1
121.33,2
112.66,1
119.37,1
43.32,3
93.5,3
84.85,2
118.48,1
70.3,2
65.55,1
68.56,2
1950.54,3
137.81,3
22.58,2
143.17,1
81.99,1
116.36,1
140.41,2
1683.5,3
101.9,1
133.04,1
145.38,1
39.72,3
11.79,2
53.33,2
93.08,3
116.93,2
100.28,2
66.29,3
7.13,2
89.94,1
12.99,3
140.69,1
108.63,2
41.25,1
26.92,1
27.34,1
60.73,3
14.95,1
56.54,2
96.69,1
8.86,2
87.3,2
24.24,2
48.68,1
23.55,2
91.5,1
55.04,3
129.63,2
29.34,2
146.01,2
14.22,2
114.13,1
110.68,2
106.2,3
124.68,3
4329.51,2
90.13,2
15.6,3
71.92,3
95.78,1
122.14,1
25.42,3
7.66,1
65.01,2
89.4,3
93.65,3
82.31,3
76.75,1
38.86,2
9.07,2
91.2,1
6.97,2
23.86,3
71.61,3
40.09,3
119.88,1
85.36,2
122.62,3
19.4,1
65.46,3
30.66,3
12.91,1
86.51,8
83.94,1
5.31,3
144.15,3
21.58,1
84.49,3
99.09,2
4523.69,2
132.09,3
94.49,1
146.91,3
62.09,3
149.34,2
100.44,3
39.31,2
98.83,3
128.29,1
43.46,3
115.14,1
87.94,1
123.08,1
149.16,1
62.71,2
129.0,1
28.29,2
76.15,3
112.59,1
19.65,1
13.89,2
136.92,1
90.38,2
91.57,1
49.76,2
23.38,2
24.73,2
67.41,2
149.17,3
94.39,2
5.06,1
43.19,3
112.01,15
124.98,3
60.08,2
63.63,3
89.47,20
147.18,1
14.37,2
72.13,1
52.88,2
124.89,3
79.55,1
18.8,1
121.56,1
119.74,1
105.5,2
7.05,1
82.0,1
148.25,1
83.09,2
101.35,1
61.48,1
96.65,2
107.19,3
44.13,3
51.31,2
63.21,1
140.21,1
139.54,1
129.07,2
139.66,2
104.13,2
112.32,1
12.59,1
43.66,3
83.58,1
34.54,3
93.82,3
91.93,3
62.92,2
44.58,1
118.73,3
145.84,2
77.67,1
34.76,1
29.29,3
112.46,2
23.08,3
45.8,2
66.73,1
146.62,2
14.59,3
57.75,1
28.52,1
30.77,12
63.17,2
136.37,1
8.1,1
104.62,1
27.89,3
42.9,14
75.49,1
7.91,3
132.43,3
36.05,3
69.02,2
90.37,2
39.11,3
97.97,1
113.04,2
26.69,2
111.14,1
95.5,1
14.68,3
134.16,3
58.88,1
43.04,2
52.88,1
37.7,3
137.22,1
66.97,3
19.31,1
29.86,1
10.01,1
140.59,1
98.49,1
66.28,3
116.94,2
29.26,1
9.04,1
63.97,3
53.19,1
69.44,2
127.66,3
14.71,1
4181.81,2
28.62,2
92.57,3
124.75,3
117.82,1
117.09,2
83.45,1
123.68,2
80.97,1
16.14,1
68.3,2
127.01,3
6.37,2
45.1,1
38.0,1
57.94,1
94.0,1
34.52,2
86.53,2
2321.68,2
135.21,2
125.22,1
115.02,2
55.21,1
39.46,1
100.77,1
101.41,1
82.17,1
112.73,3
130.92,2
108.54,1
22.28,3
126.72,3
117.92,2
31.95,1
141.77,1
84.91,2
78.79,3
35.37,3
30.47,2
97.9,1
32.47,3
5.14,17
847.9,1
35.01,2
64.97,1
131.0,3
130.17,3
88.86,3
146.7,1
125.49,1
15.08,1
4855.43,1
91.32,2
140.77,1
141.14,1
89.72,1
60.91,1
113.98,1
26.97,3
137.74,3
96.89,3
144.72,2
38.21,3
121.35,3
76.1,2
48.25,1
110.33,14
13.56,1
36.71,1
77.42,1
90.1,2
119.79,3
84.86,1
57.88,2
138.74,3
66.8,3
83.86,1
83.33,1
142.53,3
106.52,2
60.35,2
87.34,2
148.48,3
58.24,2
20.57,1
21.59,1
37.5,3
17.89,1
57.05,2
23.81,1
34.66,1
80.62,1
118.36,2
94.5,1
89.03,3
12.8,3
46.53,9
82.66,2
116.86,2
143.36,2
112.59,1
136.59,8
48.31,1
88.32,2
3869.61,2
67.03,1
21.37,2
24.51,1
80.56,1
72.59,1
38.7,2
98.52,1
32.67,2
7.89,3
118.81,3
19.07,15
110.01,1
36.25,1
59.72,1
23.85,2
88.2,1
30.46,1
30.71,2
11.72,1
139.51,2
60.48,3
133.77,1
95.47,1
97.81,2
118.75,3
101.8,1
117.26,2
3242.86,1
85.14,1
119.7,1
43.38,1
94.96,1
138.58,3
147.5,3
20.46,2
29.79,1
145.44,1
41.51,1
114.21,1
110.08,2
47.57,3
127.44,2
42.65,1
123.04,1
129.67,1
42.08,2
59.18,1
41.01,3
91.85,2
125.94,3
101.4,2
102.47,3
125.03,1
101.83,2
21.47,2
110.51,1
3867.2,1
72.85,2
34.54,1
101.59,2
122.56,2
88.88,1
104.26,1
25.11,2
143.98,1
40.95,1
84.27,1
47.28,3
51.52,1
12.62,2
18.75,2
27.5,3
63.66,3
102.12,3
77.41,3
34.79,2
122.59,1
142.47,2
33.67,3
7.26,1
131.75,1
15.05,3
18.42,1
46.36,2
69.01,1
132.33,1
148.46,3
105.77,1
19.51,1
69.55,3
130.94,3
96.31,2
38.34,1
33.06,9
148.89,2
84.47,1
112.37,1
62.36,3
71.47,3
68.8,2
3534.07,1
139.9,2
145.54,3
56.77,3
61.05,3
3777.09,3
4590.97,1
117.71,3
104.83,3
11.65,1
128.11,2
58.39,3
14.26,2
69.96,1
89.61,2
31.75,3
138.65,2
56.0,2
17.15,3
128.9,3
69.68,2
84.45,2
17.61,1
69.62,3
141.76,1
25.56,1
24.79,2
125.06,1
54.1,1
142.33,1
25.98,3
33.01,2
147.86,1
116.26,2
60.32,2
35.17,3
107.09,1
136.08,2
64.3,1
68.22,1
85.78,1
16.28,1
119.97,1
124.38,1
85.7,1
33.22,1
149.66,3
95.5,3
15.86,1
120.11,3
44.78,3
56.32,3
148.91,3
123.79,3
45.6,1
99.11,2
106.26,3
82.3,1
87.13,3
64.57,3
147.54,2
60.87,2
100.24,3
98.59,1
80.42,3
54.29,3
91.26,2
112.33,1
80.6,2
59.1,2
50.65,2
23.37,1
58.65,2
63.88,1
9.12,1
128.03,1
138.14,3
67.9,1
51.73,1
7.21,2
102.86,1
69.57,1
146.36,1
59.52,11
10.75,2
100.1,3
138.1,3
107.82,2
137.79,1
55.24,3
143.12,1
79.83,3
23.42,1
93.78,2
61.15,3
76.14,3
44.51,3
94.39,1
135.28,3
138.79,1
75.85,2
48.55,1
70.76,2
26.27,2
36.13,2
78.22,1
143.09,2
33.72,2
64.77,3
73.0,2
58.7,2
114.16,1
92.07,1
131.92,3
77.86,2
91.42,3
99.81,2
129.8,2
143.01,2
52.19,2
82.38,2
81.11,2
57.34,3
33.5,3
2045.99,2
116.62,2
138.81,1
88.51,1
47.12,1
25.44,2
26.21,3
101.34,3
68.94,2
138.0,3
116.2,2
148.27,3
82.97,1
90.24,2
90.25,2
67.73,2
2028.24,1
83.94,3
112.05,1
80.08,2
135.08,2
109.34,1
97.5,1
47.94,3
131.09,3
135.66,1
89.5,1
66.21,1
126.46,1
48.89,2
87.66,2
132.79,2
19.14,3
7.73,1
93.21,1
10.61,2
110.95,3
112.34,2
42.09,2
147.5,1
28.03,1
90.24,1
106.92,1
21.35,2
69.57,1
3007.58,2
6.79,1
84.6,3
49.39,3
23.36,3
145.04,2
117.66,2
75.66,2
130.72,2
87.9,3
120.74,17
59.9,2
94.12,2
70.27,1
126.06,3
115.04,3
108.04,1
72.99,3
104.69,2
36.0,3
57.35,1
101.86,3
107.18,3
136.62,1
92.26,3
1850.7,1
43.15,2
40.17,1
77.15,1
104.85,1
18.02,3
16.71,2
6.02,1
51.05,3
132.59,2
67.98,1
137.33,3
133.32,2
136.26,12
31.16,3
1829.36,1
59.37,2
24.37,2
100.54,3
18.04,1
55.02,2
125.39,1
79.71,3
144.31,1
42.95,3
131.47,3
46.38,3
68.42,2
127.07,2
66.27,2
2424.51,2
98.15,1
64.29,1
64.13,2
110.43,3
66.9,2
142.55,3
40.16,1
10.36,3
24.41,2
102.66,2
129.34,2
34.38,2
108.97,1
45.02,2
42.96,3
3218.38,1
112.19,3
114.7,2
129.38,3
109.56,3
125.66,1
137.74,3
121.29,1
59.28,11
66.62,1
79.48,2
127.73,2
121.07,3
59.21,3
15.63,1
26.27,2
132.65,2
15.35,2
69.35,1
126.2,2
10.1,1
106.29,2
109.68,3
108.54,3
84.08,1
50.61,2
131.22,1
147.97,14
87.57,2
87.42,1
94.64,2
41.39,3
44.67,1
149.6,3
119.6,3
4019.06,1
91.86,15
82.42,2
133.99,1
134.15,3
147.19,2
147.81,2
15.3,1
44.58,2
18.18,3
55.58,3
13.11,3
130.24,3
27.78,3
41.78,1
110.21,3
45.83,2
102.01,3
51.39,2
82.62,1
39.24,1
22.86,1
107.3,2
16.99,3
125.04,1
121.29,2
83.99,3
85.99,1
66.94,2
66.54,2
34.12,1
116.63,3
124.06,1
65.22,1
133.07,2
90.22,1
96.64,1
71.33,1
44.26,3
146.6,2
124.76,2
28.87,3
145.23,3
46.72,18
92.97,1
57.98,1
34.26,1
136.65,3
25.18,2
106.17,3
40.34,3
113.99,3
62.3,3
13.86,2
111.43,2
123.62,2
139.85,3
45.46,1
14.17,2
31.71,1
106.58,3
90.21,3
101.97,2
83.8,3
110.28,2
96.23,1
116.25,2
141.88,2
27.33,2
75.2,2
71.32,3
116.86,2
108.29,1
22.24,2
49.43,3
47.56,3
18.91,3
123.72,1
83.04,1
6.3,2
136.86,2
75.38,3
80.01,2
59.1,3
98.02,1
59.62,1
103.09,1
1031.84,3
14.94,1
41.92,1
143.3,1
61.65,2
30.48,3
142.08,2
112.77,3
30.72,3
118.61,2
67.0,2
57.98,1
21.23,1
128.87,1
144.02,3
123.66,2
114.79,2
52.61,2
59.2,3
84.27,2
37.74,1
9.84,2
102.47,3
134.8,2
118.93,2
80.58,3
19.57,1
147.03,1
107.54,2
87.03,3
108.47,3
23.07,2
71.55,1
138.17,2
91.62,3
68.36,1
86.25,3
2042.78,3
94.82,2
134.71,3
127.62,3
79.51,3
77.77,1
139.97,2
64.97,3
31.93,2
65.34,3
148.07,1
72.51,2
5.12,2
98.56,2
91.31,1
56.6,2
143.46,2
26.66,3
131.11,1
60.39,1
8.1,2
77.72,2
74.87,3
11.95,2
113.85,3
92.01,3
112.07,2
68.73,2
76.77,1
108.77,3
58.14,1
63.2,1
18.82,3
18.53,2
63.22,3
130.29,3
60.43,1
1124.7,2
12.08,2
71.23,2
77.64,3
99.99,2
93.91,1
69.49,3
64.49,3
80.78,1
33.1,3
102.4,2
142.2,2
67.5,3
129.86,3
3933.57,2
129.1,3
98.03,3
30.26,1
18.29,2
147.17,3
125.29,3
80.48,1
14.33,3
36.99,2
42.83,3
94.53,1
18.81,2
107.17,1
5.15,1
43.83,1
130.5,1
29.31,3
62.91,3
57.35,2
49.94,2
144.28,3
23.57,2
105.21,2
85.61,3
31.25,1
85.67,2
83.05,2
136.08,2
121.44,3
110.02,1
5.94,3
15.12,3
111.88,3
7.06,1
122.29,2
139.73,2
120.27,3
52.47,3
140.15,3
52.3,3
126.28,3
97.6,2
76.45,2
101.22,1
12.82,3
24.81,3
31.75,3
89.98,1
20.35,1
21.3,1
45.75,1
113.52,1
147.51,3
88.45,1
148.4,1
56.07,1
64.36,2
35.83,2
84.44,1
46.96,19
14.34,3
26.32,1
138.75,3
147.23,1
58.26,2
114.57,1
87.03,2
43.52,2
32.14,2
123.16,1
148.76,3
74.97,3
97.71,2
121.45,3
63.47,2
110.44,2
111.59,2
30.17,2
67.26,3
119.61,2
109.32,16
82.76,1
56.28,3
8.64,3
47.35,3
111.83,2
110.31,3
33.0,3
74.77,3
42.98,3
55.22,2
36.13,2
17.19,1
66.14,3
102.15,1
19.5,2
80.29,2
74.8,3
16.59,3
6.2,1
23.91,3
1511.33,2
102.68,3
128.43,3
81.57,3
24.86,3
82.95,2
83.59,3
62.3,2
115.76,3
67.42,2
89.86,2
132.24,1
137.94,1
145.58,1
29.93,2
104.42,1
149.09,2
121.15,1
105.53,3
127.84,1
63.86,1
40.65,1
86.4,2
149.78,1
144.39,3
131.17,2
103.79,1
37.77,2
106.94,1
133.98,1
121.67,1
9.08,1
93.99,1
32.44,2
146.55,3
30.7,1
62.97,1
138.27,3
5.52,3
20.38,10
25.17,1
938.86,1
43.56,2
2879.3,3
56.57,2
141.74,1
64.74,3
9.61,3
132.97,1
62.9,3
9.76,3
140.73,3
117.95,1
141.15,1
45.23,2
117.12,2
28.9,2
30.64,1
88.81,1
87.86,2
86.65,1
102.47,1
90.06,3
19.96,2
101.27,2
77.67,2
93.67,2
95.24,3
78.78,1
8.6,3
45.21,2
132.22,1
30.09,3
100.77,1
40.69,2
113.73,2
145.93,3
15.72,3
8.04,1
125.39,3
29.69,1
10.01,1
17.37,2
1350.92,2
118.9,1
93.64,3
88.41,1
84.9,1
53.42,2
111.61,1
73.62,3
92.63,1
69.53,19
60.02,1
11.11,2
88.12,1
140.8,3
72.88,2
104.57,3
104.41,2
141.66,2
89.77,3
142.91,2
146.2,3
107.83,3
122.32,1
114.14,1
59.08,3
68.51,1
1442.85,1
30.52,3
86.8,2
60.12,2
73.76,3
85.16,2
132.61,2
2379.39,1
128.5,1
38.38,2
31.89,3
16.4,1
48.94,3
14.21,2
32.29,2
30.47,3
123.29,3
129.79,2
121.97,3
30.76,3
25.48,20
33.03,3
59.01,3
135.46,2
46.24,2
7.83,3
107.24,1
1748.45,2
122.98,1
103.3,1
18.89,3
60.89,1
77.23,2
38.33,1
125.49,2
18.96,1
132.52,8
73.23,1
119.07,1
104.51,3
148.75,1
118.24,1
91.65,3
12.62,1
76.61,2
134.79,1
102.94,1
70.58,3
117.32,3
35.81,3
19.71,3
89.06,2
106.8,3
132.0,3
123.3,3
128.25,2
127.16,1
32.1,3
93.65,3
10.96,1
107.42,3
81.99,2
146.17,1
9.24,2
78.34,3
146.79,1
69.79,1
29.42,3
86.18,2
104.54,1
46.33,2
38.84,3
129.33,15
113.62,2
121.62,3
9.11,3
140.17,2
79.3,1
80.73,2
3345.9,2
48.4,3
32.72,3
9.28,1
36.6,8
113.24,2
80.92,3
117.6,3
144.59,3
63.47,1
139.83,1
145.42,3
89.36,2
56.6,1
24.84,2
59.09,2
136.06,2
132.83,3
65.8,3
60.05,2
80.13,1
57.61,1
138.83,1
49.88,2
144.32,1
135.1,2
69.96,1
28.05,1
60.91,1
136.28,3
81.69,1
104.73,3
148.52,1
74.9,3
64.56,1
10.99,1
108.78,3
146.44,1
107.11,3
93.05,3
85.82,2
85.6,1
32.67,1
87.41,1
138.91,2
87.59,2
52.32,1
86.44,2
29.65,2
83.98,2
121.08,2
26.53,3
148.59,3
68.11,2
55.61,3
94.37,2
48.35,3
35.55,2
96.14,1
24.57,3
101.18,1
43.79,1
76.14,1
21.32,3
59.33,2
106.95,1
45.11,2
61.76,3
26.34,2
63.05,3
29.53,1
127.43,2
40.49,1
131.32,3
72.92,2
78.95,3
133.58,2
19.4,2
137.35,3
66.64,3
93.21,3
91.69,3
58.43,2
77.1,2
12.49,1
102.62,3
73.02,2
130.86,1
125.17,3
124.96,3
125.41,3
129.79,3
15.72,2
145.84,3
44.17,1
20.71,2
29.5,3
2857.32,3
100.37,2
21.95,2
27.38,2
116.61,2
69.1,1
116.08,2
8.32,3
63.87,1
140.34,2
22.94,1
31.77,1
90.05,1
58.65,2
20.33,2
60.68,2
88.27,1
48.98,3
71.52,2
20.32,2
72.14,3
103.11,2
106.83,1
106.24,2
139.68,3
116.97,1
100.43,1
11.26,3
135.47,3
125.65,1
45.03,3
40.11,1
100.68,1
72.84,1
81.62,2
99.9,2
95.8,2
107.61,3
22.16,1
21.51,1
1179.73,2
40.58,1
142.93,2
22.73,3
99.31,1
64.53,3
88.39,2
76.23,1
129.88,16
79.2,1
76.34,3
142.64,1
77.12,1
119.87,1
24.59,1
73.17,3
2102.49,3
112.87,2
21.09,3
104.05,2
117.87,2
88.45,3
31.47,3
96.33,3
70.28,3
5.89,1
100.54,1
149.1,2
147.44,3
53.15,1
65.58,1
146.11,1
106.53,2
124.97,3
138.69,1
139.52,3
91.86,3
18.64,2
117.38,2
86.98,2
21.23,3
82.2,1
91.07,3
33.94,2
37.69,2
83.58,3
101.75,1
93.28,1
99.68,1
131.15,1
53.89,3
143.17,2
90.09,3
56.1,1
115.8,8
80.0,1
97.97,1
35.11,3
82.87,2
36.89,1
25.05,3
145.19,1
126.2,3
123.51,3
62.02,2
146.6,3
44.8,1
38.66,1
60.95,3
111.11,2
135.15,16
91.39,3
20.66,1
123.47,2
17.46,2
30.89,3
141.5,3
52.46,3
91.8,2
39.19,1
42.56,3
13.17,2
132.47,3
81.79,1
101.73,2
14.31,2
47.77,3
73.11,2
71.74,1
142.28,2
105.57,1
96.47,3
33.1,2
6.91,2
38.03,2
108.25,1
124.29,3
107.08,3
47.94,3
40.29,3
110.07,3
7.61,1
97.2,2
100.2,3
114.93,3
18.4,1
110.25,1
81.65,3
73.4,2
112.34,1
40.22,1
1772.48,3
129.97,1
12.23,2
134.68,2
4638.7,3
85.85,3
23.79,3
136.17,2
62.01,3
27.87,3
81.32,3
107.39,3
102.88,1
139.65,2
128.69,1
23.24,1
62.5,2
140.14,3
90.13,1
149.59,3
148.2,2
41.76,3
84.64,2
33.43,2
96.08,1
137.68,3
32.6,3
3755.09,2
17.27,2
55.06,3
45.46,1
129.08,2
74.0,3
61.7,3
143.33,3
3373.33,2
84.62,2
24.19,1
63.66,2
98.31,1
146.85,2
19.91,2
107.2,3
55.0,1
18.29,1
143.79,2
125.34,3
120.91,3
46.18,2
60.74,3
86.28,3
113.09,3
35.26,2
5.04,2
128.37,1
91.62,1
15.74,2
87.45,1
128.46,3
137.02,2
48.2,2
43.53,3
33.76,18
30.61,3
87.81,1
95.88,1
84.03,18
138.35,3
55.62,3
55.37,3
821.57,3
116.22,1
67.87,1
87.66,3
121.29,3
33.54,2
74.78,1
34.96,1
50.02,2
116.23,3
64.02,2
45.19,3
55.44,1
113.68,2
54.76,3
36.81,2
32.16,2
14.98,2
96.14,2
16.34,2
112.92,1
142.23,1
59.09,1
44.44,3
96.99,2
116.74,3
45.05,3
144.27,3
10.23,1
148.52,3
67.54,2
71.15,1
100.92,1
20.29,1
133.47,2
5.18,2
35.13,3
75.82,3
59.68,2
49.29,3
83.53,2
40.98,2
17.49,2
69.32,2
21.09,2
79.64,1
6.91,3
40.65,1
7.05,3
135.04,2
124.64,3
147.7,3
25.46,1
111.2,3
68.43,1
55.64,1
104.94,1
53.18,3
149.22,2
136.71,2
67.08,1
69.32,1
80.07,3
94.04,3
48.93,3
100.39,2
85.71,1
60.74,3
136.0,3
127.67,2
24.83,2
121.78,3
13.17,2
70.2,1
39.13,1
21.86,3
95.49,3
137.07,2
135.84,1
133.32,3
83.26,1
83.05,1
21.3,3
125.99,1
110.53,1
34.06,1
72.7,1
141.77,3
37.56,2
67.61,2
100.89,1
59.72,2
135.32,2
75.07,1
94.52,2
36.35,2
72.64,2
68.73,2
136.9,1
128.97,2
104.7,1
39.39,3
27.69,2
86.51,1
46.01,1
25.5,1
19.15,1
71.17,1
68.02,2
64.73,3
90.93,3
51.24,1
93.82,3
40.26,3
119.48,3
137.29,1
97.97,3
70.29,2
69.18,2
121.4,3
48.75,3
125.79,1
143.02,1
35.71,2
8.48,20
123.47,3
113.87,1
105.77,1
70.06,1
68.17,3
143.74,3
2414.67,1
6.83,16
54.28,3
111.58,2
28.84,2
13.71,1
47.5,1
117.92,3
63.49,3
139.35,2
65.44,1
22.82,2
95.03,2
6.83,3
109.42,2
109.84,1
134.18,8
99.32,1
97.03,3
136.67,3
108.33,1
27.83,2
47.76,1
87.76,3
39.23,1
142.59,2
143.08,3
68.27,8
81.82,2
69.09,3
92.58,3
133.39,3
100.1,1
147.71,1
107.52,1
60.14,1
52.92,1
20.85,3
95.47,2
138.85,3
144.16,1
68.7,3
69.24,3
138.36,2
47.67,1
20.07,1
64.33,3
118.77,3
120.57,1
81.54,2
52.82,2
81.66,3
118.97,1
70.03,2
119.64,1
65.51,3
73.81,14
52.47,2
100.23,1
65.22,3
135.33,1
82.53,2
71.02,1
50.19,1
133.17,3
81.7,3
64.56,1
36.9,3
93.23,2
113.42,3
35.83,1
63.08,1
72.71,3
95.98,2
130.69,2
106.7,3
91.51,3
102.77,9
116.62,1
11.03,1
35.44,3
60.04,2
118.76,1
61.13,1
57.12,2
82.8,3
84.15,1
12.96,2
81.65,3
26.76,2
86.42,1
121.2,1
23.44,1
64.39,1
70.25,2
121.46,2
57.86,3
66.41,1
35.62,3
101.82,2
50.86,2
94.78,3
84.19,1
80.44,19
16.09,1
131.11,3
79.36,1
17.39,2
28.58,3
105.27,2
15.63,1
21.98,1
92.82,3
2931.77,3
74.82,1
45.8,3
116.71,1
115.4,1
103.98,2
108.81,1
85.85,2
110.81,3
111.74,3
69.71,2
126.42,1
76.69,1
55.83,2
103.81,3
73.16,1
15.01,1
99.29,3
88.97,3
23.34,2
140.46,2
30.1,2
69.43,2
140.64,2
124.35,2
64.91,3
129.78,3
138.39,2
57.6,3
10.77,3
63.62,3
26.13,1
9.62,3
58.81,2
61.21,3
137.99,3
90.86,2
71.44,1
26.92,2
45.47,1
119.92,1
58.56,2
45.72,3
8.57,1
103.17,2
14.0,2
40.45,3
108.35,1
6.08,1
27.67,3
80.58,3
91.65,2
24.63,2
105.92,3
43.7,2
75.1,1
149.54,3
148.83,2
43.92,1
68.59,3
145.19,2
20.66,1
147.4,2
54.26,3
50.55,2
130.95,1
142.25,3
117.27,2
116.01,16
122.35,3
91.66,1
128.32,1
118.4,2
124.55,1
62.93,3
114.98,3
25.59,2
48.69,2
109.83,3
33.65,1
52.68,2
74.85,1
58.16,3
97.32,3
67.19,3
143.51,2
38.87,2
29.55,3
90.25,1
55.66,2
24.05,2
14.9,11
63.89,1
85.78,2
42.84,3
88.54,1
79.8,1
74.86,2
67.02,3
123.81,19
41.52,3
138.24,3
55.53,3
74.98,3
1535.43,2
48.67,3
13.11,3
20.69,2
45.71,2
144.14,2
85.37,1
105.73,1
75.64,2
70.73,3
8.2,3
77.58,1
57.83,2
129.6,3
82.05,3
102.06,1
139.89,1
7.82,1
146.94,2
24.18,3
40.56,1
98.8,2
36.36,3
64.21,1
65.28,2
77.22,1
5.72,3
83.33,3
3186.02,3
20.39,2
85.41,1
43.52,1
75.47,1
73.56,1
74.63,1
127.63,3
105.52,2
27.89,3
82.74,1
33.72,2
46.39,2
122.76,3
71.41,1
84.58,2
91.9,3
6.97,3
124.25,3
61.76,1
106.85,3
46.63,2
19.51,3
83.68,2
77.62,3
48.05,1
65.43,1
40.38,3
92.92,3
98.78,3
118.1,2
61.51,2
90.41,1
81.87,1
39.99,17
58.85,2
116.45,11
16.32,1
126.59,2
32.75,2
131.74,3
92.21,2
106.61,3
100.57,3
127.98,1
84.77,1
57.07,2
44.04,1
29.44,3
89.37,2
130.91,3
84.42,1
25.96,1
5.03,2
112.79,3
142.79,2
66.55,3
91.58,1
68.89,3
31.5,1
62.57,3
106.63,1
92.69,1
93.96,3
131.36,1
140.74,3
13.99,3
51.04,2
126.98,1
108.21,2
45.74,1
134.04,2
134.34,3
131.57,1
22.69,3
104.14,3
1948.49,3
141.3,3
43.9,2
93.27,2
76.49,2
47.14,1
137.22,1
69.09,3
38.26,2
84.37,3
78.98,3
65.71,2
147.5,3
122.56,2
48.88,3
99.23,3
132.09,2
123.67,1
127.94,2
20.78,1
43.12,2
81.21,3
134.34,2
51.5,2
100.81,1
64.21,1
47.17,1
57.3,1
64.18,3
5.85,3
124.69,3
69.58,3
39.52,3
133.68,1
137.44,1
15.15,1
60.13,2
70.4,3
35.48,2
98.07,1
127.9,3
104.47,2
5.11,2
86.62,1
110.31,2
97.14,1
37.39,1
80.06,1
26.62,3
138.8,1
58.28,3
132.52,2
104.71,20
143.33,1
139.98,2
91.87,2
75.17,3
19.83,3
24.84,2
12.26,3
24.75,3
40.1,2
21.62,2
142.92,1
11.99,2
110.36,1
56.02,1
34.52,1
47.49,2
28.87,3
21.56,3
126.33,2
113.61,2
27.5,1
122.33,3
55.38,2
124.33,20
43.74,1
27.58,1
35.54,2
115.32,2
141.14,2
13.22,1
28.83,2
43.07,1
863.32,1
16.77,2
26.65,3
13.91,3
128.24,3
85.46,3
110.62,3
51.21,9
4499.04,2
67.61,2
60.22,3
118.18,3
107.31,1
52.56,2
143.67,3
80.72,2
133.36,2
6.28,3
65.47,19
38.68,2
78.83,2
49.71,9
135.36,2
11.33,1
11.35,3
46.62,2
148.91,3
4635.62,3
59.6,1
31.49,3
18.61,2
44.48,2
108.14,2
97.18,2
126.6,1
41.49,3
135.53,2
79.47,3
79.68,9
44.66,2
116.24,3
76.97,2
60.07,1
116.87,2
69.21,2
26.26,3
90.63,3
127.2,3
93.57,3
115.98,1
46.3,3
68.68,1
41.83,1
18.56,1
112.76,1
29.42,2
42.41,3
2531.4,2
83.57,3
103.15,2
112.02,1
143.37,1
124.05,2
91.92,2
49.06,3
23.76,3
106.69,1
11.92,3
79.25,1
25.08,3
98.37,2
108.24,3
26.91,3
129.56,2
21.48,3
21.52,3
47.12,3
134.3,2
104.88,2
62.49,3
138.91,1
48.35,1
120.17,3
34.15,2
130.1,1
23.39,2
42.3,2
22.43,1
30.37,20
134.31,3
98.48,2
44.73,3
125.68,2
83.44,2
108.31,2
122.2,2
26.01,3
58.67,14
80.07,2
52.25,3
22.58,3
56.85,2
34.68,2
132.56,1
144.08,3
64.56,2
122.63,2
90.14,3
56.73,1
19.88,1
146.86,1
76.25,1
146.45,1
48.52,3
82.71,2
106.85,3
90.88,1
33.28,1
42.53,1
74.0,3
132.24,3
3115.19,2
114.72,3
118.8,3
146.55,2
84.55,2
134.25,3
148.92,1
111.86,3
131.56,1
45.48,1
22.97,3
13.11,3
63.23,1
120.25,2
7.22,2
55.91,2
20.06,2
129.6,3
13.21,3
13.05,3
78.82,2
141.7,1
35.84,1
100.26,1
7.75,1
42.51,1
104.86,2
62.8,2
35.95,2
142.7,3
19.75,1
22.52,2
47.48,2
83.66,1
126.12,2
82.4,1
4741.5,1
53.34,3
130.59,1
73.91,1
145.62,2
93.95,2
12.21,1
131.66,3
10.61,2
50.56,3
11.21,3
70.33,2
121.04,1
96.21,3
28.17,1
91.72,1
70.34,3
36.97,2
2222.73,2
32.94,2
96.67,3
107.42,2
27.29,2
87.94,3
13.46,2
20.32,1
66.26,2
29.54,3
86.55,13
149.71,1
53.92,1
139.67,2
67.69,1
103.83,1
16.93,2
19.8,1
128.1,3
44.77,1
41.37,3
48.11,1
125.44,1
69.8,1
79.93,1
7.38,1
36.58,1
60.51,3
31.18,1
58.86,2
17.71,2
116.21,3
75.92,2
6.89,2
7.96,1
149.35,2
3827.03,1
65.05,1
98.81,1
82.81,3
64.73,1
48.29,2
135.66,2
133.12,2
15.93,1
94.96,2
120.65,3
32.86,1
47.67,2
69.0,1
144.99,2
79.19,1
66.35,1
93.83,3
67.62,2
77.39,1
54.48,2
126.05,3
67.65,1
27.43,1
107.79,3
68.27,1
76.53,3
19.54,3
71.22,2
124.64,13
123.94,1
118.82,1
30.37,1
103.79,3
8.02,1
75.35,1
53.38,3
142.18,3
15.45,2
6.01,2
70.58,2
75.21,2
126.83,2
72.55,2
87.67,1
73.25,1
116.01,3
76.31,2
57.59,2
90.88,1
98.03,2
19.99,2
15.99,1
94.12,2
32.13,1
135.2,1
44.22,2
90.26,3
134.55,1
125.13,13
13.2,1
11.58,3
129.51,3
130.37,3
132.55,1
102.45,1
90.0,3
21.92,1
130.96,3
9.98,3
73.45,2
137.33,3
139.33,3
67.78,2
26.59,1
128.5,1
64.18,1
65.05,3
102.82,3
36.26,1
114.68,3
139.72,1
115.69,1
128.78,2
134.78,3
127.88,3
47.71,3
1305.79,1
145.02,3
46.77,1
142.97,1
46.37,3
59.73,2
87.87,2
5.43,1
101.98,1
19.24,1
61.69,1
49.26,2
44.2,2
1875.82,1
112.99,2
118.06,2
129.06,3
140.4,1
3422.28,2
64.79,2
22.15,2
96.17,2
146.97,3
75.53,2
57.42,1
62.12,3
120.73,2
132.02,3
36.5,2
103.45,2
134.3,3
96.4,3
23.43,1
23.17,3
139.2,2
77.88,1
67.86,1
117.07,1
94.08,2
21.51,2
127.76,2
25.06,1
9.68,1
56.62,2
105.64,3
19.08,2
12.09,3
3884.9,3
17.95,1
108.06,2
2498.23,1
117.05,1
84.88,1
16.72,2
89.78,1
117.07,2
89.9,1
30.83,2
12.85,2
79.6,2
56.98,2
42.42,3
7.97,2
139.84,20
41.82,2
95.29,1
19.48,2
92.46,3
94.72,1
44.13,2
129.71,1
138.24,1
133.33,3
8.19,1
65.57,1
21.06,1
49.48,3
101.03,3
79.46,3
132.87,1
36.89,1
36.37,1
17.67,13
128.33,3
74.03,1
28.47,1
140.27,1
11.51,2
84.93,3
41.47,3
45.25,1
67.4,3
30.91,2
12.67,1
94.71,1
57.26,2
104.93,2
21.19,3
112.96,1
39.57,3
80.21,1
141.0,2
45.32,3
102.68,3
85.66,3
109.77,1
69.28,2
87.95,1
76.53,1
71.34,3
16.59,2
136.16,2
140.52,1
129.41,3
148.13,3
74.52,3
14.31,2
16.7,2
83.94,19
68.33,3
15.03,1
41.07,2
96.01,1
11.06,3
134.12,1
19.92,3
123.15,1
131.71,3
41.84,2
68.48,3
3126.96,3
109.83,1
47.71,3
1669.89,3
29.47,2
109.13,2
73.98,1
89.27,1
31.42,3
77.61,1
67.34,3
56.14,3
148.68,3
123.94,3
38.54,2
96.94,3
93.73,1
65.42,2
30.08,2
77.29,1
2635.75,3
19.17,1
19.6,1
34.86,1
43.76,18
134.86,2
21.39,2
54.56,1
104.4,3
15.59,1
28.6,2
40.21,3
81.59,3
94.64,3
146.02,3
7.6,17
106.35,1
60.7,3
106.97,2
86.34,3
73.93,2
24.73,1
105.46,3
39.47,3
9.15,1
130.69,2
47.57,1
89.3,3
29.04,2
80.23,2
141.25,3
19.24,2
27.56,2
80.81,3
107.85,3
124.6,1
144.51,1
28.32,2
136.79,1
78.81,3
96.81,2
86.35,2
99.99,1
109.57,1
38.43,2
106.9,1
110.6,1
121.39,3
26.59,2
29.14,2
51.56,1
30.36,2
124.06,2
12.54,3
95.56,3
5.47,2
69.33,3
60.76,2
41.15,3
112.88,1
140.59,2
122.42,1
45.49,3
16.58,3
23.89,2
6.49,3
14.24,2
1227.4,1
147.24,3
130.11,1
142.54,2
137.94,3
101.01,2
18.01,2
34.72,1
130.05,3
35.02,2
57.81,3
90.57,2
60.29,3
42.86,2
106.03,1
49.89,1
3944.84,1
111.8,3
1297.91,1
13.5,3
35.25,2
136.21,1
100.68,1
68.14,2
23.96,2
107.4,1
13.85,3
135.86,2
133.58,2
44.28,1
74.76,3
29.85,2
86.39,1
85.28,2
95.58,2
19.46,1
37.3,2
58.86,3
10.26,3
107.07,3
70.96,3
104.1,2
59.72,2
121.63,2
13.83,2
110.81,3
37.0,2
35.29,20
123.43,2
46.35,1
144.03,1
128.74,2
147.45,3
105.77,2
85.71,3
48.64,2
54.35,3
146.53,1
48.49,3
53.78,2
89.75,3
37.73,18
78.67,2
3098.45,1
127.77,1
126.13,1
120.65,3
70.82,2
98.57,3
16.25,2
30.97,2
140.62,2
80.19,2
26.22,1
124.22,2
66.32,3
64.95,3
113.19,1
98.46,3
52.37,3
128.25,3
88.32,1
114.09,3
62.98,2
91.22,2
65.92,1
110.37,1
97.4,3
95.25,3
65.82,19
114.53,1
137.17,3
91.55,18
5.24,2
35.01,3
109.14,2
25.72,1
122.65,1
72.82,1
67.24,1
94.88,3
62.73,3
1009.28,1
104.98,2
15.97,2
131.64,2
110.07,3
123.31,2
108.09,2
54.25,3
86.72,1
69.73,3
120.66,2
116.4,2
47.32,2
105.0,1
36.31,1
116.72,2
102.48,2
87.91,1
41.63,3
90.96,1
133.81,2
79.23,3
145.68,2
122.0,3
149.79,3
113.18,2
109.93,3
17.16,1
48.91,1
141.46,2
124.48,3
63.21,3
28.66,1
123.78,2
61.28,1
147.54,3
59.58,3
16.76,2
61.87,3
19.14,1
95.26,2
37.05,1
55.33,3
120.84,2
4201.46,1
138.43,3
39.83,1
126.69,3
124.26,2
86.26,1
85.08,1
92.48,2
19.71,2
3348.55,3
56.51,3
73.27,3
149.88,2
124.72,14
83.05,10
144.25,2
28.38,1
110.13,3
71.2,2
9.71,1
36.17,1
89.68,1
129.82,2
117.2,2
78.78,3
58.48,3
17.62,3
36.89,3
106.25,1
95.0,2
65.57,20
38.75,1
63.3,12
147.0,3
135.46,2
61.59,2
19.39,3
69.58,3
58.9,3
110.14,2
46.82,3
140.79,17
66.71,2
1698.52,1
30.28,2
55.82,2
141.6,3
69.68,2
61.71,2
25.05,1
24.24,3
81.64,2
92.67,2
40.69,2
55.31,3
60.87,2
71.69,1
85.42,3
71.76,1
44.02,1
44.5,2
129.22,2
75.27,3
101.72,1
45.57,3
110.84,2
83.62,3
112.73,3
132.82,1
108.42,3
102.64,1
98.74,3
134.36,1
20.19,3
91.45,1
24.88,3
117.08,2
137.55,3
63.32,1
137.23,3
72.34,1
97.46,3
129.22,1
144.27,1
29.73,2
61.18,3
106.07,2
104.36,8
57.4,2
100.31,1
147.7,1
95.66,1
87.13,2
126.89,3
85.69,1
8.61,3
148.62,2
62.23,3
1033.67,1
27.94,1
116.94,3
6.01,1
90.7,2
55.9,2
133.56,3
53.9,3
25.19,1
99.05,2
50.28,3
141.64,3
12.96,3
59.38,1
144.67,1
38.73,1
5.59,1
50.71,1
83.61,1
46.38,1
14.97,1
31.32,2
77.12,3
135.58,3
12.88,1
100.24,17
76.75,2
37.25,3
82.43,1
76.33,3
76.42,1
118.7,2
46.48,1
147.41,2
115.53,3
30.45,2
126.44,2
51.05,2
26.98,3
131.66,3
6.01,1
148.1,3
82.63,1
103.52,3
81.73,3
4754.54,3
58.77,3
117.61,3
27.6,3
142.89,2
140.78,2
41.17,2
136.87,3
83.15,2
16.43,1
82.35,2
120.04,2
64.91,3
102.35,1
27.17,1
125.01,2
20.78,2
64.54,2
138.44,2
10.17,1
69.97,3
138.65,3
48.76,2
96.8,3
108.75,3
5.94,3
86.91,1
91.09,1
121.43,3
125.55,3
88.05,3
122.68,3
8.7,1
141.43,2
120.51,2
33.57,3
25.5,3
85.14,3
12.79,1
128.69,2
65.0,1
100.15,1
40.41,1
65.16,11
110.96,1
25.66,1
12.43,1
102.4,1
146.79,1
79.66,1
3716.78,3
23.39,3
16.22,1
120.69,1
9.48,3
23.51,2
85.51,2
103.29,1
99.27,2
135.03,2
121.51,2
108.86,1
21.94,1
3361.58,2
61.4,1
15.11,2
97.35,3
75.46,3
114.79,3
40.19,1
102.9,2
21.73,3
68.43,1
81.38,2
127.12,2
72.02,3
101.58,1
122.45,2
44.84,3
83.91,3
109.57,3
111.65,1
50.48,1
100.76,3
7.11,1
87.89,3
81.46,1
146.74,1
42.85,2
89.5,3
110.63,2
51.19,1
10.83,1
112.03,2
76.64,1
20.48,1
133.83,3
93.15,1
44.44,2
78.72,2
106.73,18
36.8,2
101.43,3
80.26,1
70.18,3
8.37,1
77.0,3
129.2,3
84.05,1
134.84,2
96.28,1
54.23,2
41.17,2
12.77,2
72.0,2
123.39,2
65.75,1
62.03,2
75.47,2
99.58,3
134.74,2
118.27,1
115.3,1
71.27,2
87.14,2
70.17,3
121.17,2
12.81,3
108.04,2
32.8,1
51.79,1
75.9,3
122.64,2
51.72,3
11.09,3
32.97,3
50.93,1
95.04,2
144.71,3
35.03,2
95.45,2
112.43,1
16.01,2
35.42,1
44.35,3
65.07,3
79.93,2
28.49,3
136.4,2
86.4,16
122.23,1
86.75,3
103.09,1
94.69,2
110.71,2
99.32,3
16.21,3
51.48,3
10.05,8
121.33,2
123.13,2
57.08,1
1995.38,2
140.5,15
133.37,3
6.85,2
76.55,3
85.85,2
60.0,3
144.87,1
101.08,2
34.8,2
11.03,3
138.22,2
5.15,1
96.57,3
102.78,1
5.32,2
140.61,1
100.2,1
98.35,3
123.84,1
79.41,1
9.52,2
49.81,3
95.89,2
114.33,2
93.19,1
149.95,3
122.22,2
62.93,1
91.14,2
10.43,3
67.99,2
102.57,3
95.35,1
79.21,1
8.2,3
61.53,2
94.86,1
116.72,1
95.5,2
17.88,3
88.9,3
102.91,3
100.63,2
38.73,2
16.69,3
45.97,1
134.24,2
6.75,1
90.44,2
141.43,3
62.78,3
64.04,1
101.45,3
96.52,3
120.24,2
78.71,3
38.55,2
56.7,14
32.51,3
18.93,3
64.64,1
141.32,3
39.36,1
108.17,3
68.07,1
85.89,1
114.97,2
76.05,2
57.72,8
90.82,3
26.32,1
41.62,1
75.55,2
124.36,2
11.45,2
18.94,1
125.09,2
107.86,2
37.63,2
84.48,1
103.6,1
62.13,1
104.26,1
106.65,3
6.33,2
130.74,1
110.21,1
26.26,3
10.52,3
89.81,1
64.99,1
4862.68,2
139.0,2
61.21,2
40.35,10
19.61,2
147.42,1
17.63,3
116.15,1
83.19,1
126.39,3
119.61,2
65.25,3
42.64,1
21.97,1
137.2,3
66.4,17
13.63,3
91.47,3
104.47,2
101.02,2
42.47,1
82.51,1
45.58,1
41.12,3
107.66,1
42.51,3
108.89,1
20.7,1
2828.24,1
55.49,3
35.2,1
73.3,3
23.77,1
74.37,2
149.48,3
23.46,3
103.12,1
129.2,2
53.89,1
68.69,1
92.93,2
76.4,3
887.71,2
115.13,3
38.39,3
76.81,3
117.21,1
149.06,2
73.26,1
111.73,1
15.17,2
50.58,3
118.14,20
99.26,2
74.45,1
115.42,1
116.12,3
86.7,2
41.09,1
131.62,1
92.17,2
49.79,3
45.09,3
87.97,2
54.34,2
128.98,3
54.71,3
140.46,2
81.29,1
5.47,20
144.77,3
106.67,3
26.0,2
136.02,3
17.64,3
146.82,1
80.61,3
25.62,1
14.39,2
38.22,3
117.13,2
12.29,2
130.08,1
51.45,1
75.42,3
142.27,11
134.16,1
87.07,1
141.58,1
83.46,2
110.56,3
32.21,1
34.84,15
50.65,1
128.26,1
87.51,1
146.03,1
111.35,2
40.2,3
14.33,2
86.54,2
45.08,2
20.74,2
124.42,3
30.92,3
141.44,2
133.66,3
83.02,3
59.64,3
68.1,3
38.13,1
98.75,1
29.61,3
39.05,1
117.92,1
41.22,2
124.24,3
82.0,2
16.27,1
106.69,1
24.06,8
7.87,3
23.43,2
115.64,2
144.95,3
117.43,3
34.03,1
141.95,1
123.43,1
46.86,1
137.72,1
148.68,2
111.87,2
59.49,1
8.12,2
71.08,1
73.22,3
74.22,3
145.73,3
92.6,12
23.96,3
43.05,2
111.99,3
135.38,1
58.51,1
5.27,3
11.73,3
137.95,1
137.86,2
81.47,2
4462.01,1
26.48,3
58.13,1
114.33,3
134.16,2
31.7,16
125.66,15
116.52,1
37.77,3
51.85,3
35.14,3
2234.31,3
74.72,2
87.83,3
145.88,1
87.87,2
13.54,1
16.6,2
122.41,1
27.98,2
134.51,2
20.75,2
62.55,1
91.32,3
95.74,2
31.76,2
27.72,3
114.91,3
69.47,3
85.27,1
128.5,1
84.55,1
140.56,2
148.26,3
77.78,2
71.5,2
28.11,3
9.01,1
31.37,1
65.19,2
67.9,2
10.45,2
92.08,2
60.26,2
135.66,1
134.58,3
121.69,1
113.26,1
121.08,3
53.04,1
37.87,2
21.93,2
38.25,3
135.01,3
15.04,1
16.43,1
47.62,1
7.41,1
146.43,1
142.8,3
43.32,1
24.27,1
25.22,1
37.84,2
65.81,1
79.24,3
56.65,2
140.7,1
14.43,1
68.97,3
82.21,1
78.98,1
88.66,2
129.65,3
17.28,1
72.74,2
142.21,2
73.03,3
112.21,3
52.77,3
118.1,1
48.84,3
33.79,1
68.79,1
88.03,2
148.29,3
68.24,3
35.37,1
98.02,1
134.96,14
126.37,3
119.27,1
68.58,2
132.25,2
41.04,2
137.55,3
35.68,3
81.19,3
94.48,3
63.27,3
10.62,2
38.91,1
10.59,2
73.46,3
27.52,2
117.01,2
96.2,3
22.49,3
3957.58,3
58.37,2
33.25,3
18.76,1
124.55,1
145.16,1
109.08,3
132.21,2
26.58,3
9.71,3
13.91,1
102.26,1
57.09,1
15.62,1
33.06,2
142.74,3
75.29,1
32.91,3
98.05,3
65.79,2
137.39,1
139.91,2
145.67,3
19.49,3
15.57,2
142.55,1
15.66,12
148.14,1
21.94,3
129.66,3
19.09,3
38.09,13
54.4,2
130.79,1
42.94,2
120.09,3
126.46,3
34.8,2
31.17,3
84.92,2
9.47,3
31.42,3
119.65,2
133.25,3
51.47,2
15.9,2
79.02,2
148.36,3
137.34,1
118.88,3
54.58,2
56.0,2
122.31,1
65.3,2
15.66,3
143.54,3
66.3,3
51.74,14
15.28,3
78.85,1
141.63,2
70.2,1
21.57,1
32.92,2
69.67,3
20.63,2
122.49,2
126.38,3
126.66,3
41.5,2
119.63,2
42.93,3
39.82,2
33.49,1
52.32,1
133.19,3
46.04,1
104.67,2
98.66,3
58.0,2
111.46,2
142.12,2
18.85,2
82.14,3
55.71,2
108.46,3
140.69,2
22.99,1
70.05,2
56.54,3
117.8,1
66.43,1
79.73,3
111.92,1
46.32,2
80.78,1
138.87,2
131.33,1
6.25,2
23.96,3
140.53,1
42.02,3
42.42,2
88.93,1
61.02,2
17.64,2
117.76,3
57.73,2
145.98,2
107.62,3
103.65,1
68.88,3
128.7,2
38.74,2
2284.32,1
45.46,3
32.51,2
29.33,3
140.97,2
72.44,3
38.56,1
142.91,2
43.06,2
13.08,3
16.25,2
96.32,3
67.53,2
142.38,2
99.8,1
56.33,2
111.95,3
100.83,1
66.16,3
89.83,2
27.31,2
113.7,1
21.86,1
34.27,3
113.91,1
95.81,3
147.05,1
61.7,3
100.19,1
127.08,1
84.97,2
82.26,1
128.86,1
24.58,1
78.73,1
121.48,1
69.11,2
15.42,1
93.63,1
18.07,1
121.27,2
60.2,3
143.19,1
53.46,3
90.96,1
17.59,2
81.93,3
142.35,1
128.06,2
16.22,3
138.86,3
72.28,2
100.8,1
20.73,2
59.0,1
138.6,1
94.58,3
139.48,1
110.32,3
54.52,1
35.63,3
142.49,2
78.19,2
76.88,2
131.08,2
29.37,2
149.54,3
78.95,3
117.79,1
873.22,3
25.36,2
82.62,2
43.36,1
23.2,1
66.11,1
94.14,3
84.33,1
21.23,3
51.28,2
91.02,2
72.2,1
75.17,15
115.92,3
140.7,3
28.77,2
71.38,3
108.06,2
83.83,15
6.31,1
133.34,3
100.64,2
135.1,1
136.76,2
147.13,3
12.99,3
96.12,1
46.34,1
20.22,3
24.99,3
36.42,1
59.11,3
10.32,2
41.71,3
97.55,1
8.38,2
106.06,1
100.67,3
120.74,2
75.29,3
58.88,3
60.76,2
136.37,2
35.2,3
119.92,1
99.27,1
15.4,2
76.46,1
7.39,2
101.51,1
99.25,14
75.34,1
68.19,3
58.56,2
49.29,1
22.48,2
99.75,3
28.43,3
49.8,1
80.7,1
27.42,2
33.84,3
144.84,1
1937.2,2
106.19,3
22.12,2
58.19,2
56.81,1
106.88,2
118.18,1
11.13,3
41.28,1
84.85,1
20.18,2
37.11,1
106.26,2
37.67,1
21.22,3
115.19,2
9.03,1
94.55,1
74.38,1
111.33,10
33.74,1
2013.16,2
75.42,3
112.55,3
134.05,3
56.62,1
28.46,3
55.79,2
84.0,3
10.84,3
48.23,3
44.9,1
79.87,1
134.6,3
44.14,1
43.39,1
131.63,3
125.69,1
127.52,1
86.18,2
116.54,3
31.55,3
26.18,2
15.11,2
44.39,3
126.09,3
76.97,1
148.61,3
142.39,3
86.6,2
149.53,1
29.92,2
64.68,3
118.41,1
4088.77,3
43.42,3
65.16,1
137.25,2
64.3,1
43.9,2
7.2,1
48.46,1
46.23,2
5.8,2
136.97,2
30.06,3
12.39,2
7.98,1
79.72,1
110.13,1
134.23,2
4072.23,1
15.38,2
85.89,2
62.3,2
38.0,2
114.89,1
76.97,1
77.28,1
38.48,3
84.68,1
29.12,1
138.59,2
27.55,1
17.17,2
45.03,2
73.58,3
21.33,3
110.27,3
145.94,2
139.95,1
105.05,1
58.13,2
5.9,1
46.11,1
9.89,1
106.94,1
108.52,3
19.02,3
90.49,1
33.91,3
59.04,2
86.21,1
68.62,2
105.04,2
141.42,1
99.11,3
28.59,1
143.8,3
128.95,2
39.34,2
85.67,2
117.22,1
138.45,1
127.13,3
46.02,3
117.81,2
126.15,3
35.11,2
68.56,3
56.85,3
110.44,2
91.66,3
3931.7,1
87.59,1
124.53,1
9.51,1
141.96,2
81.08,1
127.0,3
85.04,3
131.37,2
142.49,2
57.89,1
33.77,3
87.51,3
10.03,3
20.05,2
135.73,2
112.15,3
2204.81,1
115.86,3
80.81,3
79.65,1
12.36,2
13.79,1
62.78,3
117.14,2
71.26,1
131.34,1
78.76,3
1954.96,3
122.61,2
35.93,19
44.86,1
106.6,2
13.38,1
22.28,3
91.46,2
39.8,1
32.06,2
144.45,3
130.83,2
23.83,1
29.13,3
149.7,15
18.07,3
12.28,3
146.28,1
95.33,2
50.29,1
39.71,2
86.92,1
22.75,2
103.92,3
107.38,1
31.27,3
62.11,1
79.91,2
79.81,3
98.31,1
33.28,1
120.72,3
129.86,2
2705.29,1
114.21,1
37.56,2
46.27,1
130.52,1
74.06,3
66.56,1
93.86,3
148.77,1
22.85,1
26.74,3
114.11,2
85.21,3
130.66,2
149.77,1
45.11,1
6.43,1
8.35,3
102.05,3
31.13,1
77.48,3
116.3,2
29.5,2
56.79,2
121.46,1
118.89,1
80.56,2
50.58,3
12.51,2
48.12,1
4333.19,1
30.94,3
61.59,2
74.8,2
134.98,1
51.82,3
42.53,2
86.75,1
87.1,2
101.09,1
137.51,3
123.51,1
1569.93,2
121.35,2
77.27,2
101.84,1
105.92,3
20.12,1
31.96,3
87.06,2
20.25,2
41.35,3
139.19,1
82.01,1
20.26,1
130.01,3
124.89,2
77.89,3
45.87,3
56.07,2
108.64,17
143.06,3
131.47,3
95.28,1
84.98,1
96.93,2
136.61,3
59.06,1
77.95,2
93.19,2
22.81,1
16.26,3
105.52,9
89.91,1
109.51,3
16.31,1
84.72,1
10.79,3
111.3,3
61.08,1
114.61,1
137.0,2
20.65,1
9.74,1
87.79,1
12.7,1
28.12,2
39.55,2
3540.3,2
80.18,3
4374.18,3
42.84,1
94.92,3
49.33,1
92.49,1
126.48,3
118.09,2
15.86,1
9.84,2
32.27,3
135.37,3
76.89,3
76.66,3
99.22,2
74.62,2
74.36,1
30.89,3
71.29,2
95.68,1
70.31,2
57.11,1
114.31,1
114.43,3
21.04,2
122.33,1
90.96,1
78.86,3
67.89,3
66.47,2
102.96,3
137.38,2
17.33,1
121.41,1
69.69,1
97.54,3
91.92,1
54.77,1
59.44,1
4693.65,3
11.32,3
76.59,2
102.53,2
56.7,1
106.69,2
26.21,3
140.9,1
149.51,3
103.91,3
13.3,1
76.37,3
70.72,1
31.72,3
60.52,12
20.91,1
26.91,2
75.77,3
75.55,1
59.54,1
147.05,1
9.33,8
94.23,1
18.9,3
96.36,1
14.2,2
94.63,2
57.95,2
40.63,2
140.32,1
104.82,3
145.32,2
5.05,1
134.9,1
41.57,2
42.51,2
34.1,2
144.07,3
74.42,2
51.25,1
113.25,3
129.51,3
67.24,2
125.15,3
37.69,1
1184.29,2
106.31,3
45.28,2
113.17,1
43.9,3
56.72,3
137.2,3
91.14,2
64.37,1
82.13,2
36.92,3
43.48,1
92.52,3
103.02,1
80.75,3
4898.92,2
101.4,2
55.28,1
87.27,3
87.81,3
103.52,2
121.94,1
47.02,2
48.87,3
25.31,2
71.27,2
54.1,2
145.91,1
87.55,3
5.56,1
30.1,2
146.02,3
9.53,2
28.96,3
116.67,1
138.24,3
100.65,2
146.86,2
16.12,1
109.99,2
24.03,1
68.18,1
137.16,1
11.08,1
100.79,2
48.6,1
57.14,1
109.25,1
69.06,3
141.92,2
100.84,2
120.34,1
62.32,1
145.43,1
69.06,2
104.43,3
71.82,1
38.29,1
92.92,2
31.91,2
30.93,1
71.92,1
81.02,2
28.91,2
57.4,3
96.98,1
47.7,2
106.52,2
102.67,2
107.23,2
56.26,2
104.7,1
119.45,2
146.46,2
104.72,2
136.93,1
59.43,3
45.26,2
93.85,3
37.28,2
92.4,2
46.54,2
117.4,2
10.22,1
16.76,3
73.24,2
48.64,3
85.85,1
33.36,2
109.3,1
15.34,1
108.16,1
131.49,2
45.12,3
27.51,1
2775.07,1
43.63,1
98.62,2
80.4,2
68.03,1
74.84,2
49.88,1
135.86,2
48.06,3
7.53,1
85.86,3
20.33,2
102.47,1
130.04,2
52.45,3
122.87,1
74.68,3
17.51,2
21.55,3
103.94,3
42.21,1
136.09,2
5.47,2
77.17,2
5.1,2
141.97,3
63.52,3
38.63,1
101.04,2
49.57,1
132.95,1
148.97,3
22.41,2
86.43,1
127.84,3
82.11,1
23.04,1
29.94,2
44.5,2
88.74,3
15.68,2
27.06,3
68.4,2
70.1,3
79.95,2
32.02,3
128.37,1
142.7,3
89.32,3
93.03,3
79.61,3
18.81,1
118.04,3
59.61,1
76.64,2
113.28,1
64.1,2
2068.64,1
125.49,1
18.4,2
112.93,13
109.98,1
42.12,2
36.52,3
77.39,1
28.13,3
61.46,1
29.19,1
80.54,2
118.57,3
12.77,2
7.9,1
54.22,1
15.37,1
130.49,2
85.4,9
76.69,2
41.99,1
6.71,1
60.94,3
97.62,2
147.07,3
22.91,2
86.53,2
47.82,2
122.71,2
90.63,2
141.51,1
118.31,3
117.61,1
81.52,1
31.96,1
44.82,2
17.09,1
20.85,3
110.88,1
15.22,2
61.21,11
2419.39,3
53.31,3
7.08,1
10.31,2
102.28,2
63.0,3
41.49,3
58.71,3
114.91,1
8.2,1
140.06,2
119.3,2
53.0,1
17.71,1
40.05,3
145.15,1
113.94,3
65.39,3
58.13,3
26.05,2
139.95,2
34.77,1
7.47,3
39.13,3
26.25,2
31.96,1
84.06,1
75.28,1
128.01,2
58.99,1
25.52,15
121.86,1
95.1,3
70.58,3
145.23,3
106.49,1
3109.97,1
144.69,2
141.42,10
68.96,1
118.09,1
103.04,1
113.12,2
51.19,2
13.2,3
62.39,2
82.43,3
40.08,2
21.69,3
51.66,2
71.63,1
75.59,3
21.29,1
51.23,2
23.72,3
84.5,2
23.01,2
114.02,3
100.44,3
48.79,2
32.97,2
43.06,1
29.27,17
134.28,2
120.09,2
105.82,2
143.43,3
2250.21,1
120.47,1
37.62,3
81.49,2
53.29,3
53.78,3
131.77,1
50.53,19
69.86,2
121.68,3
14.64,3
87.32,3
122.68,3
9.25,1
47.48,2
141.32,2
62.47,3
36.09,1
71.93,1
13.76,1
65.05,2
98.08,1
80.72,1
145.49,2
59.71,1
1568.8,1
125.41,3
105.23,2
115.28,2
127.34,3
148.42,1
56.02,3
46.07,3
90.01,2
13.02,3
49.68,2
120.97,3
119.87,1
143.4,1
94.83,3
137.0,3
6.84,2
102.77,1
32.4,3
80.93,1
1383.15,1
128.39,1
79.12,2
99.7,1
62.27,3
44.16,1
129.17,1
76.15,3
101.4,2
87.99,2
92.67,2
112.77,3
76.33,1
43.9,8
99.6,2
37.81,1
69.14,3
37.04,1
40.05,2
7.24,2
29.92,2
86.36,3
121.32,2
72.93,3
136.18,1
39.38,1
40.81,3
19.51,1
122.82,1
137.43,3
103.13,2
27.68,3
62.2,3
89.63,2
104.06,1
36.47,3
105.62,3
146.48,2
70.7,2
114.44,3
47.63,3
33.39,2
63.27,1
145.41,3
36.32,2
37.79,2
96.47,3
80.25,1
27.68,2
33.33,3
14.77,1
149.77,3
141.08,3
27.01,1
101.97,2
16.24,1
91.19,3
123.75,1
136.5,1
20.82,3
88.68,2
44.04,2
56.32,1
59.62,1
113.88,2
20.07,2
132.93,3
123.64,3
51.48,2
17.02,2
35.47,1
70.64,3
121.95,1
37.35,1
57.11,3
147.38,3
126.34,2
86.67,1
33.14,3
87.79,1
38.6,2
41.39,1
36.02,3
63.14,2
1896.96,3
93.1,1
148.58,1
102.45,3
94.11,1
65.56,3
15.71,1
80.41,1
27.45,2
90.09,2
116.34,2
88.03,1
74.47,3
7.0,3
69.55,3
131.69,2
129.24,3
31.68,18
93.08,2
100.11,2
68.42,1
133.57,3
74.68,3
13.71,3
9.67,1
58.39,3
16.89,3
41.3,2
40.18,1
81.45,2
135.99,3
127.14,1
113.41,3
82.67,2
80.05,3
119.5,2
139.7,3
20.13,3
140.89,3
134.74,1
44.75,17
57.42,2
104.08,2
82.87,2
76.72,2
117.45,1
119.93,2
75.49,3
136.57,2
25.39,3
20.77,1
78.0,3
70.11,3
85.73,1
8.9,3
112.59,2
54.87,3
116.42,11
8.41,3
15.48,3
68.28,12
105.52,3
1382.19,3
144.5,1
147.01,1
93.17,1
137.33,1
125.09,3
74.9,2
130.76,3
79.13,3
41.2,2
114.19,2
52.92,3
53.26,3
63.47,3
31.57,1
97.12,1
10.76,2
107.05,1
119.4,3
26.36,1
102.13,1
134.17,3
82.07,2
106.75,1
42.51,2
19.37,3
32.17,2
105.57,1
93.66,2
1969.73,2
144.25,2
134.73,2
11.56,1
28.94,2
70.42,3
140.74,1
128.24,2
39.27,3
15.45,1
43.33,1
147.93,3
101.9,3
134.5,1
31.84,2
54.39,1
99.7,3
43.5,3
93.03,2
44.35,2
24.29,2
117.18,2
61.0,3
121.91,3
36.54,2
14.67,2
145.62,1
140.61,1
99.15,1
46.48,1
72.26,2
62.61,1
98.74,1
64.27,3
2745.04,1
115.1,3
125.38,2
100.42,1
97.88,3
100.93,1
79.45,1
141.17,3
111.77,1
40.66,1
83.28,1
17.62,3
96.96,1
22.35,1
77.72,2
53.45,2
93.93,3
140.83,3
52.26,2
14.07,3
68.04,3
53.95,1
35.63,1
121.56,2
126.17,1
8.36,3
51.39,3
44.12,2
83.65,3
19.04,3
49.9,2
96.98,2
112.0,3
99.92,2
22.1,1
48.58,2
48.15,3
38.78,1
85.11,1
67.1,3
13.1,2
85.02,3
111.5,3
28.2,3
19.45,2
127.67,3
31.22,2
144.21,1
33.46,1
68.6,1
75.19,2
141.49,3
102.29,12
98.05,3
43.04,1
77.66,1
80.79,2
84.6,2
50.72,1
85.01,3
92.1,1
98.16,1
3741.18,3
54.12,1
138.52,1
36.28,1
73.43,3
17.53,1
139.67,1
133.31,2
58.38,1
22.51,1
88.57,2
14.41,3
55.58,3
52.48,2
119.33,3
8.61,3
62.65,2
25.08,3
37.0,3
147.29,1
25.61,1
87.51,2
55.11,3
83.68,2
34.21,3
115.2,3
135.17,2
132.66,3
69.17,1
39.34,2
15.77,1
74.49,2
94.57,1
109.19,1
27.37,1
107.38,2
79.16,2
47.94,2
28.15,3
93.89,3
81.52,1
85.41,1
112.83,2
108.17,2
16.41,3
91.64,1
28.12,3
1907.68,2
132.31,1
98.24,2
12.22,1
90.24,1
114.24,3
25.98,8
103.6,2
66.61,1
45.96,3
54.42,3
128.28,2
147.56,3
146.29,3
148.79,1
54.22,1
89.89,1
19.73,1
94.51,1
50.32,1
94.96,3
145.31,2
132.5,3
141.1,2
110.07,1
78.33,3
5.31,2
103.01,3
128.79,1
146.04,1
88.7,1
66.43,2
97.81,2
37.13,1
98.35,3
38.83,3
136.56,1
26.59,1
108.17,2
63.57,1
21.98,2
15.04,2
32.98,3
69.93,2
96.35,2
99.74,3
111.1,3
106.88,3
135.28,2
46.28,3
56.13,2
24.86,1
98.22,2
22.22,2
107.13,3
92.82,2
60.74,1
138.92,1
73.91,3
143.21,2
90.76,3
108.05,3
133.82,8
25.0,2
126.63,3
109.96,2
144.47,1
119.16,1
28.04,2
104.73,2
37.98,1
52.39,3
10.37,2
80.89,2
86.48,2
7.82,2
74.66,2
35.73,1
141.47,2
91.36,2
51.91,1
99.17,3
81.49,1
119.64,1
142.14,3
117.96,2
62.7,3
74.17,3
56.82,1
102.27,2
92.41,3
9.55,2
45.77,2
43.96,2
81.66,1
85.31,2
15.87,3
87.34,2
23.75,1
19.64,2
38.73,3
92.46,1
13.47,1
122.08,2
63.74,2
98.25,3
3690.03,1
38.57,3
114.0,1
131.75,1
54.51,2
115.25,3
130.4,3
146.42,2
39.06,2
36.58,1
44.87,3
139.46,3
141.64,1
59.1,3
138.03,3
107.14,2
39.68,1
59.0,1
123.43,1
34.87,1
28.11,2
11.53,2
103.51,3
111.41,1
96.19,1
112.34,2
145.74,1
21.76,1
7.73,3
110.83,1
29.71,3
134.67,3
139.49,1
110.99,1
112.27,1
51.61,2
84.44,1
21.99,3
28.31,1
113.27,2
111.02,2
46.15,1
107.13,2
67.96,3
87.94,1
45.55,3
138.62,3
117.38,3
13.21,1
45.9,1
29.5,2
89.76,2
114.28,2
68.94,3
149.2,3
144.37,3
17.49,2
30.12,3
67.56,9
76.0,1
19.41,3
7.38,3
86.03,1
104.17,3
140.94,3
94.79,2
21.37,1
44.5,1
73.77,3
60.6,3
47.45,1
128.73,3
129.5,1
88.37,2
9.68,2
128.85,2
22.68,2
120.11,1
135.86,2
116.88,3
65.05,3
137.04,2
114.51,19
15.86,2
2137.45,3
69.26,2
89.03,1
135.41,2
34.9,3
77.39,16
104.03,1
104.52,2
126.45,3
55.5,1
10.35,1
66.21,1
148.73,3
11.69,3
48.38,2
97.78,2
36.07,2
46.23,3
107.79,1
121.6,2
14.96,1
6.26,1
11.64,1
97.42,1
89.17,2
35.02,3
74.52,3
106.4,3
32.33,2
90.45,3
12.48,1
31.97,3
93.75,2
2395.52,2
134.22,1
24.71,2
126.89,2
36.42,2
25.89,2
4517.38,2
120.39,3
114.51,2
66.12,3
95.28,1
104.06,1
74.84,1
13.47,3
100.01,3
1978.19,2
134.53,1
100.07,2
79.96,12
79.86,17
67.2,3
46.63,1
123.93,2
53.54,1
105.72,1
35.66,3
109.38,1
32.67,1
62.92,3
63.84,2
57.85,1
12.07,11
30.71,2
19.68,2
138.95,2
125.24,3
50.64,11
79.77,1
104.22,2
79.84,3
1029.59,1
23.37,3
6.97,3
78.93,3
45.58,1
112.79,3
86.69,1
139.59,2
122.08,1
129.76,2
124.89,1
44.96,1
95.25,1
82.08,1
94.72,1
26.18,8
108.15,3
140.25,2
149.75,2
15.48,2
113.01,2
48.75,3
7.77,3
90.11,3
120.26,1
35.65,2
5.9,1
137.85,3
113.87,3
14.44,2
9.47,3
109.54,2
66.99,1
41.53,3
142.05,3
56.6,2
72.13,2
12.64,3
9.47,2
39.85,1
3945.32,1
137.36,3
70.48,8
128.3,2
58.46,2
139.14,3
59.56,2
66.34,1
110.3,1
138.4,3
106.86,2
98.0,1
129.78,3
115.56,1
144.44,3
40.98,2
74.02,2
117.73,3
140.78,1
102.5,1
32.07,3
104.39,3
51.39,1
23.84,2
147.24,1
75.78,3
97.56,3
65.17,1
81.6,2
118.77,1
103.22,2
20.1,1
60.14,1
130.41,1
12.75,1
77.56,2
108.88,3
25.53,2
62.97,2
25.99,1
34.37,3
44.25,2
91.2,3
130.28,3
99.39,2
34.8,2
135.93,2
54.04,2
145.44,3
72.57,3
57.68,1
105.26,1
65.66,2
131.69,3
64.31,2
97.02,3
87.32,2
131.12,2
59.43,1
79.52,2
50.74,1
111.65,1
145.87,3
128.07,3
112.02,1
83.33,1
71.44,1
44.47,3
17.88,1
94.22,1
79.89,1
116.37,2
52.58,1
122.78,1
112.67,3
135.5,1
102.08,2
26.01,1
72.89,3
104.93,3
112.05,1
108.28,3
29.84,2
15.24,1
119.5,2
75.19,3
134.88,2
87.68,2
44.0,1
141.52,1
133.33,1
83.78,1
144.57,15
135.78,1
125.42,2
72.33,2
23.35,3
100.18,3
116.42,1
81.66,1
85.07,3
42.97,1
58.7,3
122.26,2
105.79,3
60.54,3
37.88,1
71.76,3
51.63,1
100.91,3
114.7,1
28.37,3
62.26,2
79.89,1
122.88,3
34.38,2
85.44,12
119.5,2
14.55,1
43.18,3
76.3,1
1220.51,2
72.99,1
60.66,3
40.59,1
55.25,2
7.07,16
149.92,3
51.43,1
146.99,3
69.29,3
102.21,1
29.8,1
145.35,1
134.91,1
35.17,1
102.34,2
117.47,1
53.27,1
18.79,2
89.37,1
133.78,1
134.21,3
84.61,2
3649.92,3
49.63,1
125.33,3
53.55,3
85.31,1
44.93,2
100.36,2
5.88,1
65.75,2
109.11,1
85.78,2
8.87,1
147.8,1
140.68,1
25.75,3
105.58,1
137.51,2
121.68,2
63.4,1
79.5,3
90.5,1
62.42,2
120.03,2
4162.11,2
138.75,3
105.7,16
87.8,2
95.58,1
70.19,1
10.7,2
69.56,2
128.27,1
51.06,2
103.65,1
102.72,2
14.96,1
14.87,2
87.94,3
90.52,3
111.19,17
75.66,2
102.79,2
13.59,1
16.96,3
2578.9,1
64.19,1
127.21,2
134.13,8
25.97,1
138.77,3
108.95,2
114.37,1
8.63,3
44.76,2
136.2,2
92.74,2
123.49,3
145.32,3
46.79,1
108.51,1
99.33,3
55.9,1
113.83,1
32.91,1
83.67,3
62.64,1
10.86,2
41.65,1
11.39,2
90.94,2
76.72,3
144.24,1
137.43,2
87.12,3
82.38,1
58.58,3
115.94,3
78.7,2
91.34,1
5.76,1
118.26,3
82.84,3
47.47,1
125.12,3
105.97,1
47.13,1
45.46,3
120.2,1
12.36,1
22.13,1
3799.31,2
50.5,3
58.23,1
102.05,2
87.7,2
13.44,2
78.88,2
43.86,2
50.58,3
107.77,1
127.01,2
112.59,2
38.48,3
96.87,1
122.31,3
24.94,1
101.81,1
88.54,3
23.54,1
15.28,3
135.76,1
1779.37,3
65.27,1
71.28,2
85.39,1
58.99,2
35.41,1
107.64,2
129.05,3
43.5,3
45.8,2
81.81,3
28.86,2
139.63,2
136.82,9
111.33,1
28.22,3
89.73,1
33.62,1
27.66,2
114.96,2
82.99,3
41.36,3
33.68,1
144.24,2
5.89,3
76.25,3
31.83,1
108.72,3
58.96,3
18.02,3
74.28,3
25.31,3
16.36,1
79.25,2
39.96,2
64.57,1
95.77,3
105.8,1
17.92,3
121.45,1
79.31,14
25.97,2
129.07,2
90.7,3
12.28,3
90.25,3
78.04,3
141.39,3
13.78,1
11.44,3
31.22,1
75.87,2
130.69,1
58.26,1
71.63,1
83.09,1
40.62,1
18.45,1
49.48,3
2728.94,2
113.55,3
130.39,3
67.21,2
58.24,1
28.26,3
21.52,1
84.3,11
71.03,1
41.4,3
89.76,1
12.59,3
129.72,3
73.52,2
40.13,2
19.07,1
122.74,1
7.65,2
16.2,3
137.38,1
48.32,2
14.32,2
91.12,2
110.45,2
103.23,1
127.08,2
72.27,3
120.88,3
119.96,16
62.16,3
125.93,3
140.59,1
148.85,1
86.53,2
100.57,3
44.41,2
143.51,2
22.65,3
94.64,3
45.63,2
87.71,3
98.97,1
143.34,1
64.35,2
110.71,1
14.62,2
145.7,3
20.14,3
65.99,12
37.81,1
34.14,2
79.25,2
59.35,3
96.41,3
111.48,1
1022.29,2
83.14,1
149.1,3
50.71,1
30.61,3
121.07,1
55.77,3
98.57,3
122.13,2
88.15,2
58.54,2
25.33,3
38.25,2
44.59,1
94.36,1
143.87,1
96.08,3
9.96,2
111.15,2
69.63,3
98.34,2
9.23,2
23.59,2
18.47,1
100.89,3
56.39,2
32.72,2
114.04,3
23.68,3
131.75,1
100.16,1
12.7,10
102.71,2
101.12,3
115.89,14
132.22,3
10.37,9
124.74,1
93.39,3
7.78,1
3667.27,2
118.96,3
28.23,2
27.19,2
144.58,1
50.15,3
102.31,2
129.19,1
64.55,1
131.32,1
119.79,1
38.57,1
10.47,1
86.74,2
68.14,2
17.06,1
15.41,1
102.51,3
55.96,2
100.86,1
13.22,1
101.49,1
69.71,3
97.25,2
117.13,1
72.84,1
120.3,3
146.1,1
91.23,1
95.54,2
49.9,2
28.69,2
31.77,2
113.59,1
77.99,10
55.57,1
100.73,2
81.71,1
61.62,2
24.9,1
102.34,2
142.68,1
45.81,2
40.8,3
122.58,1
102.89,1
69.99,2
126.4,2
107.28,3
33.11,3
8.56,2
113.41,2
97.18,1
73.27,1
99.51,1
31.45,2
13.22,1
114.59,2
87.28,1
19.67,3
99.98,12
138.6,1
37.63,3
3799.27,1
43.18,2
97.65,1
76.38,1
122.92,3
58.03,2
33.92,3
60.81,2
129.23,3
95.18,3
2699.34,2
30.08,3
112.56,3
37.33,1
124.3,2
45.75,3
38.61,2
104.18,2
128.69,1
119.97,3
34.74,2
114.57,1
20.82,20
63.8,2
59.06,3
12.13,2
122.23,18
126.94,1
85.44,2
23.65,1
17.29,2
51.08,3
128.74,2
148.07,1
69.48,3
34.58,1
84.52,1
121.01,3
27.4,18
138.12,2
146.29,1
71.59,3
83.14,1
30.24,3
77.81,2
67.78,2
30.62,3
114.66,2
28.64,2
10.63,2
67.68,1
54.76,2
64.6,1
85.69,2
106.3,3
58.3,1
61.25,3
133.8,1
63.62,3
19.89,1
48.66,1
144.64,1
77.71,1
83.6,1
87.59,3
146.82,3
1324.6,1
89.33,1
80.77,3
143.15,1
14.44,2
20.54,2
63.81,2
20.06,1
50.19,1
74.86,3
106.52,2
60.05,1
61.29,2
117.15,1
3286.68,1
130.47,1
101.52,1
83.49,2
131.92,3
69.78,3
100.43,3
67.8,2
122.14,2
111.15,3
110.66,2
43.21,1
53.11,3
73.54,3
98.74,2
77.73,2
16.46,3
128.09,2
4253.87,1
22.89,1
23.36,1
139.89,1
95.39,1
35.94,3
135.09,3
113.12,3
83.15,3
149.52,2
97.58,2
148.57,1
119.97,1
124.36,3
83.31,3
33.74,3
114.8,3
111.6,1
103.06,3
40.83,2
44.05,1
36.15,2
148.13,1
54.11,3
80.54,1
92.83,1
56.52,3
63.07,2
128.65,2
61.43,2
79.37,3
14.84,3
145.15,1
39.73,3
79.63,3
84.79,3
21.22,1
129.91,3
1610.19,3
117.66,1
86.34,1
126.35,2
42.1,3
75.98,2
130.7,3
138.0,2
90.08,1
147.0,11
67.82,1
77.73,1
145.75,1
117.37,3
133.0,1
92.49,1
132.9,2
93.74,3
38.26,3
19.71,3
91.19,1
99.81,3
74.65,3
101.02,3
77.19,2
89.71,1
42.43,2
87.82,1
21.87,3
73.99,3
105.25,2
26.99,3
147.78,1
29.69,3
99.02,2
105.6,3
87.39,1
19.47,2
57.75,1
8.56,1
42.0,3
114.96,2
74.67,2
99.26,1
119.63,2
143.28,1
88.45,2
89.01,1
113.05,1
145.78,3
19.78,2
149.82,3
93.95,3
47.45,2
118.52,1
118.76,3
105.91,1
89.18,1
76.98,1
44.17,3
122.73,3
56.92,1
8.76,1
139.45,2
105.75,3
11.44,2
28.43,1
5.05,3
